GeneID,C1,C2,C3,C4,C5,T1,T2,T3,T4,T5
kKcpudHO1xMw,39880000,37650000,39840000,40410000,36220000,15270000,14840000,15130000,14170000,14190000
zPNc8SUhg8JN,33910000,34630000,37650000,3.8e+07,33550000,2525000,2297000,1676000,1435000,1495000
YPrWRmIl8mVx,1780000,1835000,1925000,1963000,1763000,379100,331400,330200,355000,322300
wzLEL7hhSK3b,3165000,3178000,3345000,3392000,3064000,755600,753300,653300,670100,718300
ezVwaN1ocf7M,7144000,6757000,6959000,7099000,6563000,1275000,1139000,1136000,1081000,1049000
qRHnz4D3htV6,11260000,11230000,11740000,11540000,10720000,4343000,4222000,3992000,3878000,4055000
nCi8jpib8V3a,7662000,7471000,7825000,7843000,7108000,2931000,2813000,2726000,2673000,2764000
eSvHjQzvRCzS,1488000,1375000,1558000,1588000,1456000,364200,331600,342700,312000,312700
j9dWiu5c5keT,2658000,2547000,2729000,2808000,2501000,1305000,1280000,1310000,1187000,1231000
17rg86bqplhc,7007000,6789000,7046000,7349000,6487000,2381000,2352000,2331000,2294000,2303000
hq7ANPTaaE4E,965500,919200,931900,958600,882800,185000,162300,154100,150200,149700
R7u3DX6HNa5F,3907000,3756000,3945000,3885000,3722000,1506000,1443000,1408000,1352000,1378000
sseHyn3O3DGB,3910000,3730000,3922000,4095000,3607000,1299000,1350000,1303000,1239000,1301000
VwHeX79DJb2E,1603000,1607000,1697000,1749000,1662000,459400,468600,444400,448000,420700
0d1PcTlNkD9x,16710000,15950000,17410000,17100000,15640000,4658000,4895000,4727000,4554000,4492000
kDDl8Qi1trQo,2739000,2635000,2779000,2834000,2679000,1138000,1092000,1070000,1011000,1003000
bXFjIdvojUxh,33630,34040,40510,36130,28320,4925,5691,6100,5429,4584
Bwf4ibiXlJDZ,12130000,11470000,12540000,12550000,11270000,2262000,2207000,2059000,1970000,1969000
jrx1x9BfaDZq,1206000,1199000,1266000,1242000,1158000,555600,576600,566100,545200,545000
qgpFq8liJtwJ,515300,522100,557000,573600,571500,45480,38000,39730,52340,36620
Ry28Th1axp4l,998600,999800,1073000,1006000,1091000,482500,496800,505100,459500,488700
4FBCqNgHQBXq,646300,635000,698200,675000,683000,344900,311400,311400,333700,314600
uxoFDhVm5l0M,5322000,4903000,5565000,5524000,4806000,459600,442300,333100,340400,335800
05m3vVG4Gnjq,2719000,2668000,2760000,2748000,2626000,101600,76780,31790,43830,35990
wYqIryJ4ODuS,14740000,13400000,14210000,14530000,12930000,223200,188100,60970,9871,55750
vZ9UB4w91mBc,998700,982600,1047000,1089000,975000,434300,396600,398600,358900,404300
QactcsFFYjuD,2186000,2087000,2200000,2253000,2114000,499800,446100,418100,419200,442300
0hULo82HMoaC,1160000,1234000,1252000,1282000,1257000,479700,504500,482000,435200,468100
CZ0tfFACSgBy,1053000,1103000,1169000,1169000,1143000,56530,31270,14810,11360,8862
613ZKogwKTpD,21430000,20320000,21290000,21760000,19830000,6296000,6269000,5910000,5583000,5720000
i9oTFL3wM2nY,4526000,4511000,4814000,4856000,4517000,1693000,1607000,1671000,1533000,1543000
bbqUynBOLkNC,1194000,1176000,1263000,1256000,1191000,342000,301500,347900,314400,308000
nwp7Hp6meubY,4622000,4645000,4806000,4620000,4457000,1369000,1415000,1394000,1365000,1315000
amfpHSMmRSDQ,3869000,3890000,4011000,3916000,3564000,1011000,955200,918400,895800,957500
5INrGvGbTnvu,3210000,3301000,3442000,3406000,3272000,743600,720900,663500,612600,665300
AOz9vJUQbdsy,312300,318000,325500,342600,306100,179800,176000,169400,159800,167300
FUGLUU3hKrom,1626000,1574000,1558000,1693000,1456000,23340,14770,15500,19880,18730
PCXFyX2duIjo,6387000,6137000,6386000,6389000,5970000,97170,43730,46150,25790,42070
cDJgwk0kbj5q,1241000,1179000,1248000,1291000,1169000,520200,519200,490900,519300,496400
941c5O6l478G,5657000,5448000,6027000,5803000,5503000,901000,799500,832900,725100,775200
K7wnuBMOh1Hr,4817000,4544000,4677000,4731000,4441000,131800,77300,18290,13810,13880
2QqrbZEgzg5U,1281000,1272000,1398000,1305000,1199000,644600,640200,609800,601800,613900
1KjyXEiBIxqM,2252000,2149000,2287000,2379000,2098000,630000,611000,612200,577800,581100
X71v192TGvxw,529400,507900,522000,554400,493300,523100,491900,573900,482400,520400
SwyhMOZRxFB4,2460000,2454000,2521000,2603000,2389000,1721000,1743000,1829000,1690000,1740000
qn05Tg3CWMXc,1466000,1437000,1412000,1527000,1425000,765200,792600,802500,765500,822500
6MZdJLNimCdv,248100,260500,248800,277800,232800,150200,145000,135800,122300,119100
gx33mKqpAQMr,403100,379700,410100,417300,384900,107700,100900,106400,102400,110500
ViNpTop7MpTf,864700,822400,896300,899100,836100,509100,518800,503500,473500,494000
BOov5PIGOI0R,111600,114100,119800,127700,117600,115300,107500,112700,101700,104500
0WkzZfWhtawx,1676000,1637000,1792000,1706000,1649000,1201000,1104000,1116000,1236000,1215000
KzEBo1CHLvE0,11270000,10750000,11280000,11900000,10770000,503200,374500,207100,202300,210300
MvQWMsT7U0GS,3152000,2865000,3146000,3087000,2752000,663700,640300,662200,592700,645700
HSZkEywsdWB5,186000,189900,200700,198100,199800,119600,110600,115400,111500,114400
HiUxhCHa5qp1,1749000,1679000,1799000,1855000,1672000,702200,692600,620500,601500,652500
wyqFxYIbp2l5,1866000,1836000,1997000,1948000,1823000,720700,665100,709400,680200,713300
uq3OLiqPyANj,319700,317600,316900,332500,343400,188200,190600,183700,172600,179700
YcWyD5i5Gzeb,366500,350600,400200,378000,371600,233000,238700,227600,220600,244600
popCqVjP6r6K,149800,139300,135500,152900,135300,8439,5148,2942,3744,6459
WyjSD8ePanNr,547700,572100,593900,608800,547700,35560,19600,9983,14580,15750
oll8EF6EOrZg,6254000,5874000,6217000,6235000,5685000,2248000,2227000,2284000,2007000,2008000
cAmOyvUqYaND,2807000,2823000,2954000,3067000,2683000,1807000,1759000,1730000,1591000,1701000
9oUSzr9PoT7j,1148000,1070000,1139000,1091000,1072000,261800,276800,236100,254700,262700
bEFzQOrA2uPt,1734000,1674000,1798000,1788000,1731000,679300,714700,652200,658700,637300
ZsVwsLLTjWM2,395600,382400,407600,425300,368900,293500,290600,312900,259200,302500
C5qx8j5U0uhb,2848000,2745000,2772000,2923000,2686000,1027000,959000,1025000,954500,1038000
oec1iweCdYTs,21180,24040,24200,24640,23920,15130,12250,15220,15760,15750
k1U4m1S0n4M2,984600,986900,1048000,1108000,1028000,473900,445400,455000,426200,448200
k3NelC4blUZA,916500,883900,976800,961200,890600,82510,63980,49570,48390,56710
eWLMSoF8eSnG,3399000,3342000,3383000,3476000,3311000,42680,46910,67400,17190,18430
NGuLtHKN6ZaW,314500,310500,324600,360600,303900,167400,157600,161300,160000,168400
olJQfbUDB5k8,10350000,10040000,10780000,10670000,9329000,417900,462900,169400,218500,241300
NdX8UU2Rp2EB,2468000,2310000,2493000,2345000,2293000,651200,681000,597600,614200,622200
2qWjy3aemESj,485700,499000,507700,508300,481000,145200,137300,130200,117500,145700
oZtHe9OGPRsH,22020000,21230000,22380000,22170000,19970000,3620000,3586000,3340000,3120000,3176000
wfqr6jWWpGWw,1564000,1606000,1600000,1614000,1564000,442100,414300,400400,407900,415400
tbozv0VDaZvJ,950600,926800,965800,961000,953300,471500,467100,476500,477000,462100
Vdww9G3ZbCD8,16820000,16080000,17200000,16840000,15480000,4063000,3979000,3716000,3304000,3554000
WZ5qCi4OZtoK,588400,597800,621600,596300,618600,89150,93440,80930,85150,91260
mGWOSwBapphA,84090,86300,81250,87940,77710,31390,32190,31600,30570,26550
Q0tvvkgWgxgc,3267000,3281000,3292000,3290000,3090000,1697000,1753000,1806000,1651000,1734000
0V6Yq2yGITOi,340600,355900,351000,352600,371600,165300,166000,138100,129400,153700
WEfQRPqJ4Y3u,10290000,1e+07,10320000,10330000,9306000,5354000,5589000,5316000,5230000,5253000
0LkBBoOSmpmC,1237000,1176000,1280000,1332000,1214000,126800,112300,95950,84790,99850
b5QBl3BWQs9b,2283000,2272000,2286000,2355000,2195000,1117000,1085000,988200,1015000,1054000
Cy8f5lr9ej7h,910000,905800,970400,960700,889500,296700,245300,266900,263000,275200
pbvy8Ee8xjYh,2907000,2738000,2823000,2955000,2677000,824700,796700,815200,829400,831800
u6JxtQcd4ok5,6805000,6513000,6985000,7027000,6234000,1318000,1350000,1237000,1173000,1227000
LCnAXVed2DIi,729400,694000,724300,710100,709000,210000,212300,209200,244200,227600
syFO8jWuJpK5,2565000,2464000,2616000,2632000,2412000,846200,775200,732800,676500,775100
HZfJABC25Pyc,1482000,1419000,1508000,1538000,1346000,79670,78980,62210,41040,52670
i3st2c7rCL3m,1481000,1392000,1529000,1481000,1416000,391400,403200,387800,353400,349400
SeCHvc4Kh8OW,689700,648900,710200,718000,656600,491700,483800,512700,469800,487400
uwxrBulJZjOY,445900,452700,493400,501100,462700,228100,195600,216500,204700,212900
jkcNiX5ICkki,922600,893800,992200,989400,886700,370700,338200,304700,330600,279300
FEkmWpWkKcZB,62430,60130,58820,63290,61360,2536,2680,1776,1202,2580
m76jZ1VckKFp,145300,163900,161000,191000,164700,39440,41420,38180,38360,41740
zi5Tp8BVHHRo,1978000,1896000,2046000,2040000,1872000,930900,989000,896800,906100,907200
7kJc0ejOOSEQ,2772000,2623000,2846000,2871000,2559000,119500,86780,41580,59160,58990
ClC8HDhDp7P2,23830,24180,26300,23980,22500,1838,1456,1551,425.2,1483
amlqZMmcqeJX,1284000,1203000,1354000,1311000,1229000,357200,342700,331900,332200,324700
YsIQKuj0DMkv,896600,906600,919800,945500,896200,570200,595800,593400,556000,515900
8vxkS6xaPuTc,476400,490000,508200,528000,489500,274800,220300,250500,228300,222100
XbILruyX4o8F,1653000,1619000,1569000,1669000,1613000,599200,545400,555200,500200,535700
GIDegnNVNf30,286600,271300,293100,313000,270700,17200,9786,7652,5720,6258
xQj1mqrJx2BP,888700,902200,914000,912700,949100,92590,79280,52590,52680,58470
6FvSMtV5pZm6,195900,196600,212900,198700,206100,158100,147100,144600,152800,135900
LToKWPF9lJR6,78660,79730,79720,81110,79080,15640,13680,15200,15240,11910
r4SafvzBVrNt,522900,525100,584400,580300,550100,223700,227300,204500,177900,198300
CF3pogrUKUnp,94020,94470,97520,96320,98430,20120,20790,14040,20160,16950
60GxNZn97VLU,6223000,6141000,6322000,6553000,6118000,2539000,2537000,2286000,2411000,2470000
z13IBLiGbMer,2927000,2957000,3067000,3079000,2950000,835500,830100,762000,730700,759300
xrouL9Wy0831,482100,470500,486200,511100,471700,19200,16980,8994,9532,11540
7li91Owiz9T0,2517000,2425000,2583000,2606000,2383000,823000,822100,846100,757300,833200
15dAwJSjNpiV,1028000,958800,1031000,1044000,982700,417700,409900,420500,404000,403200
TxNJnqnHPmGu,2019000,1962000,2020000,2027000,1959000,368100,373500,343000,331400,350600
uvWLgxfenBn5,994100,1002000,1030000,1076000,975300,39610,36810,23820,23320,17770
h8x2ZiWqErv1,832100,823900,844000,852800,762700,269400,243600,221800,227400,234000
J8guuTYGEGQq,1698000,1671000,1766000,1794000,1690000,779300,810300,756700,790800,806800
N26wZlsq54Er,144200,134200,151800,154000,130900,5891,4662,3726,5404,2593
3TnJ6won9ngZ,1415000,1318000,1413000,1444000,1376000,371200,381700,311900,316600,323300
NyKN16iLKD7b,3948000,3969000,4238000,4334000,3965000,1003000,936200,874900,834400,863000
EhxzYKLrvaMc,144200,145500,156800,162500,145100,26860,27200,25310,22510,24910
MPL0cNFpcuR7,262500,262100,281000,278400,269900,175400,195400,183600,178400,182700
CuX6YD4aV6qE,5402000,5291000,5434000,5526000,5216000,2744000,2722000,2659000,2461000,2540000
echVWVToaze3,110300,114900,114100,117000,107200,11320,9879,10220,9517,9850
HZWF96hhlOzB,1046000,1067000,1140000,1151000,1104000,453900,434900,435100,414300,416000
lOM5Oh4E83Dg,4490000,4543000,4862000,4633000,4333000,1877000,1852000,1958000,1814000,1791000
wcUi4kyr7byQ,831300,810800,871900,852900,830300,459400,452600,451800,454200,473700
q6vVFhPsZ5aG,101700,108200,105800,117200,111300,122000,117800,131400,116500,123700
2yJN4w6NcHtb,280700,292200,312500,344000,310000,26660,27540,20170,14140,14740
HI8u5vkhPu6n,34820,37000,37960,39610,36380,2725,4020,4751,2378,2731
31eV88aqq6dV,2209000,2142000,2194000,2363000,2026000,235600,220900,239800,210200,178600
w7rN1k1CnldU,268100,264800,284100,280500,284900,97090,90300,92100,87420,97080
ityXsdB2FgYV,420600,434400,440200,441800,430100,252700,219500,221300,214500,215600
KHDot47K5FGe,829600,799400,846200,847900,821800,371300,355700,352800,353600,364400
qzpriGr0cXy4,69290,63160,67520,77640,64890,24800,27690,29900,26100,27350
luFQcXzgtsRX,1193000,1209000,1258000,1265000,1152000,51640,49500,2527,15050,14890
9IJOb31YJTLW,10370000,10120000,10120000,10950000,9574000,3356000,3377000,3227000,3394000,3329000
Pfrl4xJ7b8ma,306800,322100,301600,316700,309700,202100,200300,202000,203000,190200
YLjiyoCd0lej,656900,658700,707900,682800,650400,422100,392900,371100,385300,356000
NoWJINZXcqtV,6384000,6554000,6788000,6203000,6363000,386400,343100,266400,302100,295000
qiKaupRYC1VH,235500,257500,265300,270400,259500,78600,66220,73680,79800,75530
oxTiw04LMXvg,3175000,2977000,3144000,3118000,3065000,938800,905000,927500,975700,935700
h0kosFd8SDS8,4387000,4254000,4440000,4553000,4344000,1451000,1529000,1390000,1211000,1420000
3xYBQ4lDuR3F,1135000,1201000,1202000,1215000,1130000,75680,52360,38020,36440,29860
jcYUD8f3Hpaz,826800,821100,884600,870700,855400,490100,445200,429500,429700,451100
BevZa32iH1dE,2001000,1866000,2142000,2065000,1853000,70740,39620,9104,3229,3425
RcbKLw2oJ6Ks,934000,916900,940700,978400,992500,29880,20990,8868,7611,5196
fehZDQeQuJiC,1012000,997300,998100,1053000,1006000,432700,424300,430400,415300,421700
d0u7Qa54w8lh,117700,126000,133700,132200,135000,37050,29310,23130,32960,25540
JNgynBJIVhmh,641900,607900,662700,640400,610100,152100,147300,135000,135100,136500
voSAWl52FkYk,200700,204700,211500,208800,210000,176600,176900,182500,169600,179000
lsHOQT2GA5CF,872300,883100,926200,936600,882200,636400,648400,631000,638700,646600
BET7NWi8NQ5R,234300,248700,241300,247600,241800,88710,79050,80930,87700,90660
AEN6X6LUozm7,248800,236000,246900,244200,218300,124000,115900,120800,119300,114900
mvaKnatpIpFU,1172000,1129000,1187000,1192000,1074000,356300,336100,331800,310400,320800
OtKYhW4m9iAG,36950,37090,36730,34160,33130,27630,24130,25350,24540,25850
H1DtaPSHvcP3,273300,259100,277300,292800,283200,115700,95040,101900,94940,98020
YJBfnFEiJfNj,9908000,9719000,10570000,9970000,9183000,2891000,2917000,2694000,2634000,2719000
mssFCtjvsn6C,578600,555400,581600,609600,551600,346100,359700,358800,338700,337000
6jfwLFJeYdtw,787300,751500,769100,787100,714100,396700,402300,406700,373400,373000
YFEPywUKmrPB,387300,429600,411100,428300,428700,73280,81630,69630,62730,64030
ThknbX5878MC,342800,359600,387300,366000,373600,58340,39680,35480,37480,34190
5SvLT3hIxg1d,200800,195000,207100,208600,205300,90310,94660,91780,87060,88190
wZXwRkAJCF4U,775000,753500,798000,834300,763500,216800,208600,207200,192500,191800
NnLvo8BXbtJQ,22010,23550,25810,25060,26340,9944,10940,9202,10220,10830
WbmrN6XDQqdT,17360000,17140000,17630000,1.8e+07,16100000,5197000,4899000,4842000,4345000,4665000
PQG19CSHSnIy,558700,578000,621000,578000,581000,233800,208800,204800,197000,221400
qgplrQRHCAl0,1657000,1650000,1702000,1716000,1623000,585900,608500,586500,571900,557100
0FLGK15Z77N1,1758000,1764000,1876000,1842000,1688000,562600,548600,532200,500300,504100
myOvbxzZiKbY,2063000,2042000,2190000,2213000,2050000,297300,282900,237000,234600,263800
RINlsrCxtCPV,193200,206200,201600,212000,213900,21580,13700,8390,9216,6233
2knIZX3bc1Tn,497600,532800,518000,540900,527500,412400,381200,375700,373200,374200
kW7hmS6xH6og,2256000,2211000,2287000,2359000,2204000,696100,691600,705600,675500,676600
vL85RVZp8MkQ,420900,427000,445100,436300,428500,176400,178300,174900,171700,163600
MsAEe2w2tRm5,5374000,5434000,5495000,5333000,5100000,265500,186500,96190,91220,100500
vZOBIiWL3eDX,53560,48230,56270,63290,56050,99840,97480,110800,95910,110700
CKYdlo8cpKZy,349500,362300,359300,375400,369600,127200,125300,113900,125100,123800
aH4awKuZ4fJb,133600,128500,138200,133200,131700,61390,59920,57330,60260,57240
fXTTPO7todyl,1217000,1228000,1246000,1195000,1143000,195400,192000,159800,165600,166000
mG6dfrWSExQT,6832000,6634000,6799000,6852000,6527000,2432000,2466000,2454000,2275000,2341000
07CKvlenxNv6,5794000,5562000,5828000,5996000,5552000,1906000,1880000,1718000,1775000,1885000
kO3NB6RPM4s9,98050,89760,98180,100100,99750,8364,6577,4387,4796,5051
tuAAG4CLHEjl,158100,168600,173700,181500,172600,224200,198300,205600,207000,208800
Of4mYCO2CY8n,63370,68440,71380,68400,61520,43880,38970,41170,39310,38850
pbfa5fGTCYom,633500,642000,657600,649500,597500,260000,253400,241800,246300,222100
l94k1TGk7UQQ,167700,165300,167000,178600,158000,15310,11810,13270,12600,13410
TOIgNGVQ0trf,684800,635500,677100,662900,638300,291300,271200,249200,251500,250400
0KgfqwaoU1LT,838400,832500,847100,866900,792200,377900,365200,376100,366500,362900
agwwnlvgt4N8,1153000,1211000,1313000,1227000,1155000,346700,347700,342500,322300,310200
t9MFohd0m83d,145100,146000,166100,158900,163800,46560,49690,47140,40620,50740
6fpqYmV5Ta8E,239400,235300,239300,243800,238700,24400,22220,22250,19520,22990
YlAPiGMAZ2KF,953300,977600,957000,1011000,956800,671300,652600,690700,644900,664200
SFmcJkL6CJAY,212900,203600,223200,225100,206200,8396,6247,2504,3150,3349
zM4N7RJxncIY,2440000,2420000,2510000,2529000,2313000,633200,642500,590200,523000,572400
NiPMDZ8O2K4g,25630,25280,23740,26510,27420,3373,2493,3960,2830,2741
ToinDEznbxcy,51860,57370,52040,56400,54390,20040,21370,15550,19950,16300
KUk8PyiCiJA7,637400,612200,622300,635500,571200,118000,110400,113700,109800,105300
nKMOmpUwiWER,1030000,987200,1025000,1033000,993700,291100,285200,278800,254300,280500
r03vbWTAqFhQ,4026000,4145000,4184000,4278000,4054000,192500,204000,127700,126700,102700
UAxp1OZRIkwb,515800,514400,555500,558600,522000,270400,278200,265800,254300,271700
5hhlm431HZMX,1591000,1474000,1647000,1624000,1481000,205500,228000,179800,153400,169600
XQesFRPmU0ex,953700,887600,933100,994500,913000,534000,519500,521600,509200,512200
sIlvvtLJcR4z,794300,803300,806900,842900,765800,354500,341700,362500,321000,328500
x3oFpyGwI6Sa,340200,351900,372900,376100,370500,183800,180800,177100,163600,161700
zPJDoIpekEOL,263100,266600,276000,271600,259200,40480,42400,28590,37780,31280
4pXyCx91FMbx,187700,186700,188800,197400,200600,63750,68180,65600,62230,60990
faOHNSP4oKsZ,1285000,1342000,1375000,1367000,1257000,310700,294000,263300,283800,295500
cQYlpp3rc0vB,572600,578100,589400,604900,594900,173800,162000,155000,160000,153200
5r3mW9QJ0pCi,262600,246400,255900,255100,257400,69960,70070,74240,67040,61190
Ch0dUqkVr9w9,691500,676300,759700,730100,658500,16110,6861,1852,12120,8916
zsDuW0fBhk47,745300,762200,830400,735200,777700,271000,268300,269600,266600,259800
Y9RbGl4B9fXQ,338400,328700,342300,357400,331000,197700,196900,195200,186400,190000
0BOqgi77P6G7,829600,785200,830100,837500,759800,56360,61470,58170,52410,50240
7wCUnTcWjx28,1336000,1451000,1429000,1511000,1433000,53170,52260,35760,58110,45150
ZQ3pUUCzbQFI,95520,88330,93380,88260,91580,2841,1839,1203,1063,1745
3Hh7U8MwOobR,190200,187200,194700,197700,184800,102600,103800,103400,95910,93340
zsNUY8QTRToM,2624000,2561000,2668000,2622000,2389000,855200,807700,828600,768700,846900
kJXIAZsul5ln,75170,74150,74350,75950,67860,5356,3007,1855,1492,1848
bZfc9OnUQxSp,23860,27660,31140,32540,30220,6803,7250,5030,4954,5094
eXu1OTnjWelf,10010000,9755000,9959000,10130000,9213000,136100,162500,30830,55550,53480
Ab356Z9qVn0Y,3704000,3635000,3950000,3828000,3543000,427400,402500,269000,256900,347300
6xKu2aeL8GSe,1130000,1159000,1194000,1181000,1114000,414200,390000,391200,408300,394800
viFytfqejYVx,243800,268300,270700,279200,282100,56660,59380,54130,49200,55120
VUp4SiDTF2iG,245700,241200,257300,266700,252900,100400,108100,89960,87050,101600
vMSBZFYP2Shv,1845000,1791000,2024000,1965000,1746000,755800,756200,771600,695600,714800
bpRrIOGtvbtU,50900,52670,51470,55280,56420,28100,23510,25580,24030,24450
rQgzVPNzCiVM,554600,514000,560700,577000,537200,154700,149800,143800,142600,139500
GTAaCtAND5iC,2105000,2069000,2107000,2091000,1873000,64480,51530,36960,28440,31270
KElCf70FPWPR,221900,209200,219000,229600,197200,87440,89120,92020,88550,90650
UiFDAFEDEgty,5237000,4915000,5245000,5252000,4682000,1066000,981800,1018000,914500,944000
jjIzNrAdw1eK,755400,726300,773900,756000,706000,382100,350900,370500,350000,350100
jIl40CRY0gmC,355600,358100,373500,366900,352500,209600,179800,204200,195700,184200
TVpKIrVb2mpw,1839000,1899000,2038000,1948000,1866000,233900,209300,175800,171900,171800
uMw1XBzqiSKB,839500,809700,831100,827100,851900,410500,376300,395800,415700,409300
2zr4UCSuM7ZM,493900,459800,496100,491000,445800,183600,169200,174200,155300,166300
eUBhAG97YZR0,2743000,2610000,2695000,2732000,2606000,839800,823500,790800,786700,831400
69b2TJV8woV7,77840,77340,90560,83990,72510,16760,12960,10800,11720,10020
vLPJma0vqc2Z,1122000,1055000,1151000,1239000,1093000,483700,459700,469200,412500,460500
rtxA3LS5OKYZ,7552000,7054000,7415000,7604000,6753000,1600000,1636000,1654000,1368000,1532000
DbJDmMwnSVqS,167900,176200,174600,183500,182200,88080,95950,88490,86250,85760
mm2kJPBIIorf,128100,137900,133300,134900,118300,92990,88050,98080,83040,85460
MaITq7Q6tBLa,5642000,5370000,5516000,5528000,4977000,2028000,1920000,1753000,1844000,1652000
TaxsEYBQZCwc,830000,827200,845000,888000,832100,473100,460000,449300,454300,471700
mb5N2dZUn5HO,39690,35950,34440,35780,37170,1666,2525,1388,1719,1204
mN51WlkcAW9g,25620,24760,25150,26220,27790,22260,20980,21710,21230,22410
ktXM4Hp2HItM,6758000,5981000,6878000,7045000,5801000,1970000,1931000,1913000,1610000,1712000
nBrX1qnozePm,317400,341800,346300,329100,306900,231600,238200,213800,228300,204500
VMxzRGIHF6yb,209300,208900,227100,220800,218800,94480,97650,89120,96870,93790
aNxjoTlTC2Yv,1028000,981000,1046000,1067000,983800,29270,10450,14980,21860,21850
UiB9lxSZXVIJ,1063000,1021000,1024000,1109000,1011000,358800,368400,358600,322500,341700
avPOuVWBSWnt,1385000,1293000,1418000,1459000,1388000,412500,435200,362300,383500,411900
V15DtODCe2em,148000,158300,159800,163200,152400,97080,87280,85180,82430,88000
okBLLwN8PVKm,200200,210800,208700,236500,209900,58260,52460,54110,50600,59750
1NpAnOfhiHWJ,314500,292500,315600,338400,325300,175900,150800,149000,160200,165000
AXBc7bwAR1kz,799500,826400,864400,847000,812200,330300,335600,326000,308000,311600
0DefeRCQ3yjX,219500,219000,248900,238800,218800,110200,99420,116700,111000,1e+05
nBf5atBXQTK6,577900,574300,583200,615400,586300,374300,352700,365800,353200,358800
7Qy5RdKptors,246300,227200,231100,254700,228900,27270,25770,19780,18310,16280
W1AAPi2RvEWs,330700,307400,327100,357900,327700,20460,16520,6421,3532,6731
E40a22pOgWJv,478700,454500,475400,492100,458400,248300,242200,242000,244500,238100
qy0v0TEBX8Dp,115300,116200,120000,123200,108400,79700,74770,79820,76300,77870
AcfoT5gLa9W0,812000,815300,831000,868800,789500,181700,157000,153100,161100,152000
0VKbQCpj3JCj,471500,468600,487800,497700,458900,54730,51990,32450,44330,35410
37ERyeewZp7p,1e+06,1091000,1078000,1141000,1103000,358600,385300,294900,280900,317300
TVdq38FfjUyP,764000,732200,783400,807900,719100,176100,204600,160800,152200,152400
qGpXmgESPMY1,168900,158400,172600,186900,161200,10080,6703,2496,2455,2453
3w84kBX1YDup,4065000,3751000,4038000,4025000,3632000,1230000,1151000,1124000,959800,1108000
dW3DFrPAEheg,3013000,3026000,3225000,3195000,2915000,1712000,1646000,1657000,1642000,1681000
FoUTxLqow2gh,55250,61200,56040,55440,53400,37410,37100,33630,36580,34910
ToOqHGztB5nP,157900,149000,155600,163700,152800,14660,7613,5941,7040,7898
Sq6ZOvnBr1rJ,1610000,1551000,1578000,1571000,1514000,491200,417900,495600,412900,448000
aTgFagwOoc9s,5040000,4609000,4853000,5030000,4306000,1086000,1019000,985600,901500,1008000
Ns8J7vRbEmpV,544100,524800,552300,573500,535200,180000,192200,171100,168300,182500
QPiXe8mSOzOF,601000,581100,633100,594700,624800,74820,92160,79830,72420,68360
tVCwHjmwksTm,934200,884900,934700,913300,861200,244600,236300,264700,263800,210800
qH9YaKcfV6Td,557800,551500,583200,582700,548900,232300,258300,275900,262700,233100
okyONe4hiNm3,301900,307600,327800,322000,300500,10120,6012,1361,2182,3638
upDuS8fEaWUB,285900,311000,327400,323900,326100,157200,136500,131600,128900,134700
9nQvtmUZcDZE,10500,10050,12380,9793,12540,5304,5205,5772,4131,4755
YhUaQHXpZ8UL,53820,57990,55220,57560,53750,4243,5255,4217,3528,4566
ZxMhXTYGPVZd,211100,244300,239300,216600,239500,80010,71800,66120,78390,69690
u1dB0g1Na9sK,60420,68700,70660,70360,68880,29160,32220,25620,29620,31880
yxWKjfj3He2C,1532000,1501000,1574000,1541000,1412000,122400,101000,85030,84850,87150
Ltj8G2vghfdS,1235000,1233000,1261000,1268000,1172000,152600,139600,128900,115800,98380
hAz5GMf07Wat,107600,103500,112300,114400,109000,39870,44580,46450,44900,39050
kdsTVkon8uYy,619600,570400,585200,578200,599300,89180,83450,89430,89890,92670
qFFebfi3Uh9h,4234000,4027000,4332000,4300000,3815000,1236000,1265000,1215000,1149000,1173000
kLCvZBzIfv6P,5854000,5550000,5854000,6e+06,5183000,526200,407900,361900,331000,360400
UIQM2MpzqdX3,168600,163500,168100,169200,154300,23240,24020,18760,15720,19370
PYx6kmIVM9PU,468100,453600,497700,488500,464400,221000,217600,222300,211000,228100
j2KV7VDBIY9v,340800,321600,326200,342800,318700,136200,133700,132300,132000,142300
oT1Gm8z6VVV2,1693000,1603000,1734000,1733000,1682000,433400,447500,410500,378800,411000
GAqgtG8piqfm,2724000,2641000,2787000,2936000,2674000,1741000,1593000,1654000,1494000,1647000
ACYBQ8F8FT1v,219900,229300,227800,229300,224700,11820,7983,4688,5304,3624
kYJ9Ri3l0ICH,745900,721800,746000,745000,723000,508600,484900,500300,470500,485000
ClHDNWHdicjm,1069000,973500,1158000,1139000,1005000,384500,378200,399700,373400,372400
bLnYTGCkuAQl,20560,16110,19870,21460,21720,8527,8239,6822,9397,8097
v9zJ90nGfbJm,1940000,1839000,1944000,1930000,1733000,666100,655600,671300,610500,649400
1oiYmSRLoEqn,881800,883000,871400,908000,897500,279300,256900,265000,253700,261300
l08cOhdc2DF0,453400,437200,458900,477900,423700,31220,29420,24000,24800,23960
xKePwzugSeDg,3842000,3756000,3877000,3863000,3563000,881600,913800,920400,832500,889000
YrSP4ZRWyEq0,382100,387300,403600,374600,380300,96730,94780,95860,89440,89360
mrzSRryrT9ZQ,1510000,1614000,1661000,1703000,1546000,959700,994900,1013000,888100,904400
XzlpVUhn83R1,797000,773400,824200,845500,769300,525800,520800,523900,511700,487200
U9YCCUJmnKuU,108600,118400,114200,108200,121100,32970,32640,32100,35070,25780
c7z5Ds4cvS26,723100,724200,748400,760400,707300,303900,316600,321300,288700,284000
kPWIwqIrv4MR,45620,45860,48060,47940,47400,25130,23680,24190,23030,25110
2UWMweLR0pnv,1224000,1214000,1292000,1230000,1169000,384200,376100,371000,321200,372900
ZngDiFghEJya,169300,172400,192300,183300,170500,61840,52330,52710,58730,52400
G2UVv2oqJtnI,123200,139300,133900,128500,139700,15110,12530,9727,9727,11180
9oiiy3NXAUC7,75890,72110,77570,77590,80550,22310,25390,26720,24530,17190
5plDIoMNDXwA,1800000,1716000,1790000,1836000,1768000,440000,432900,380500,369400,367700
MOCAn5IdHBvv,250800,227600,261600,271800,247600,127700,131800,112200,102300,116100
m4nmlHmnL1yH,262500,265600,288300,294000,257600,61610,55360,57720,50680,52410
RhBKydqXBYr6,1212000,1165000,1285000,1256000,1061000,22620,20360,4866,8820,12450
hHaiUAnLniKk,2682000,2656000,2824000,2759000,2499000,1696000,1653000,1721000,1547000,1597000
xIEHZb9T3BRa,51960,51480,59340,53360,61520,25680,19460,17060,18960,19150
QdI0pXmWuDYU,2015000,1969000,2135000,2201000,1993000,773000,701300,700100,675400,710200
9bDH3OJz0sZS,95940,96010,109000,107200,100500,18570,18150,13270,16610,15980
w7cN1slbYxuI,604400,588400,612200,631600,615500,117700,116100,99200,91800,110400
ZDLi0ONLp68M,925900,953900,995900,954400,914900,266200,300400,256700,258600,248200
68NBnaFkeEBe,1234000,1256000,1373000,1275000,1203000,153100,94090,79560,65220,73260
5ru3xSMgowBF,62930,64600,68530,67550,69420,13950,15570,15930,13850,13910
wq524hX4J75L,333600,311500,317100,338000,304000,185300,170700,155900,156500,170500
DVAErgqVhRMa,105200,89510,105800,104200,93900,54810,54600,54340,55670,57860
m6NG4V9wCnQU,481300,462900,471200,506200,457400,155700,135200,140400,136600,134800
TuQiyzvydl2A,214900,231200,237400,239200,242200,56400,57020,59790,46320,52040
OgggRmO4RIvg,12190000,10920000,12190000,12150000,11050000,4659000,4684000,4342000,3864000,4489000
Z7yvQnZ7wqun,5041000,4738000,5132000,5042000,4768000,1313000,1310000,1313000,1388000,1255000
Z9sgYZSrMSD1,44680,46730,48990,47990,45780,6507,5647,5330,5577,5460
Gglh9fiAqP6z,184700,179600,179600,192600,174400,71380,65610,64480,62040,63050
XXooPZRnqvJR,104300,100700,110300,114100,107000,43570,40840,43040,34170,40900
dksB5sJfaUrb,862800,895800,987500,944300,919900,398400,388600,344400,362300,346900
u2dE6rcyrwaP,21920,21850,25430,23210,23970,11930,12630,12700,11050,12600
hP9dNzzHVVfF,82700,77210,83120,86660,81520,52180,45680,46810,44070,40660
vs4aw5V5KOCk,193700,169700,203200,189700,186900,102900,87260,90990,84940,96790
FOdYP6SAMyIn,735400,714100,791700,779800,760000,357000,339400,334100,334800,329200
lARp3GGkKN1s,1779000,1758000,1844000,1902000,1680000,1183000,1192000,1118000,1126000,1127000
TY2PScP2wQQN,188600,185600,181900,202400,184100,42270,43010,43480,32390,37430
SPk5AsfWyob4,94130,86820,101400,96560,88340,7275,5210,4206,5552,2512
EhTorqa4KbF0,3058000,3039000,3287000,3295000,2817000,983400,1122000,1025000,909000,991200
8JG0IZNUlCos,160800,156400,162800,177800,162300,75100,65060,68360,73600,68820
zmqj58sXKf6A,522000,556800,532300,616100,509900,55890,61980,64670,58220,66590
iTcGZnf9PlmQ,81250,83410,89470,96140,89520,139400,121200,128900,118200,116400
2nsYeBQFH4rj,39280,44860,43530,42590,37360,23620,23250,23640,24480,23160
9SO6IRUrz1xR,59160,63850,66380,58710,65110,16980,21000,20310,21070,16740
pzF02W4dpIjr,5340000,5253000,5171000,5143000,4851000,2643000,2829000,2635000,2572000,2544000
WKVkN9fKQ9Wr,221100,235200,243900,228300,233700,138500,143000,129400,129400,133400
sLkVz07FlUu0,932000,912100,926300,923700,920400,247300,237900,239300,249600,215400
yrIiOnXRGu8E,2323000,2149000,2302000,2341000,2109000,492400,513200,486500,480900,457900
U953hzQFmaQY,298800,294200,297800,312500,291300,94520,100200,94750,93840,84330
SUqulVZl4eQg,594800,581900,582000,605000,577300,214000,203900,184400,194200,200500
mEhoeUhf3Ylj,39860,39690,46010,46040,40220,813.4,1864,1062,964.9,1098
4p0VVu6ybeS3,305800,465400,451200,338700,454400,146100,160700,114000,110600,81470
THpb4pqjaXnG,891500,858000,871000,858700,817900,16910,17110,15700,12720,11710
VJf94XnX5rDW,613200,609600,660900,660000,601900,185900,175500,164700,156800,172400
WJV0cs5o8h4j,68050,68480,72540,70770,68090,16840,22200,20470,18650,17350
C1xcqf6cWEp4,207300,198900,211400,216500,202500,94590,105600,106900,100300,96560
VwKiNwTHpcXQ,985100,938900,996300,1002000,908000,172500,175300,136300,128900,140400
s27TmGGzmXms,23510,19410,23860,21070,20870,7795,8945,8665,7751,9077
HwZd7FGdWsgO,3159000,3104000,3246000,3145000,2960000,1365000,1344000,1460000,1304000,1307000
OYGuMbticOp0,1270000,1204000,1335000,1298000,1241000,699200,668100,658500,636800,684600
AeM3Swkxiag0,468900,477700,507800,484200,479000,73440,69110,67210,65720,67910
0lpChOgAvIYc,56840,54790,57700,60120,54580,94310,97150,96840,94070,93340
1nlgNmcHHu6C,181500,183200,190800,191700,187300,117800,107500,110300,104100,100900
8u1pgbzJcl4r,48470,49390,50390,52840,43750,21680,21330,23170,21350,21550
ES69Jt8FvZHu,487700,530500,534800,494500,519900,302000,259500,268500,233100,236800
qWFs5CrTQWfl,308800,312600,331400,350400,308800,102300,92920,96870,100300,97390
Y1r4D9Z0i6rO,1224000,1252000,1349000,1306000,1282000,140400,123300,112800,99800,85320
uFB3qiOS4Iej,622000,647700,626900,660400,630700,39730,27930,16350,16410,10920
YG8JMH2IGie7,20450000,20320000,21520000,21600000,18010000,3384000,3260000,3511000,3130000,3478000
t9stMN8KBqXV,848900,840100,804400,834200,776000,400500,421300,370800,371500,387800
xMmxx96ReRQN,314700,307700,322600,307400,321100,118100,122600,110700,114300,111200
T2r4KzEg0vTe,670100,670700,694600,707000,641800,23620,28970,3536,10380,8223
7Nc1SW0RXqqn,48780,49540,47180,52360,54980,133900,125100,151800,141900,131700
O0ETCbZ57TvJ,46580,46500,52870,46070,47360,16140,15550,15330,14320,15120
hRawm1XiDYEu,268800,257000,268900,283000,255300,65100,63170,64450,59060,63020
CQGusvCdrdAX,145000,136800,146600,143400,133700,43360,39430,44570,38810,42310
dXrFt3RUfoW8,196800,175000,195000,187700,192200,9901,12460,6466,8245,10780
FAdHijjq93zT,292600,286500,308700,276300,281600,13220,11980,13300,10780,12840
yHkho8qtyR97,2210000,1995000,2177000,2226000,1891000,691500,579600,568700,531400,554700
boWEuLY6UaeR,83330,82940,87300,89830,87420,73750,66970,74550,68160,75040
UIFN35EpFOmz,195000,204500,201800,209000,196500,20370,20910,14270,12420,15970
PnquNiIWwwxX,334000,288200,356900,341200,344400,71470,76340,66860,59540,67640
CErNEH5nO43l,65930,67380,73480,67510,61060,7245,4533,3260,3801,4878
2XYcHCTxAv4J,133700,135000,147100,139900,133700,5901,5989,3802,4095,2953
77rI8cVwbhnD,230100,240700,250100,242500,240300,147000,133100,138800,146000,131200
c2cseEpKssqv,62100,66430,68090,67660,63660,12230,10900,9908,10250,8974
UrfIppLalOAM,2133000,2131000,2189000,2213000,2032000,891800,813100,878500,826000,824100
ScmQOoLHzgvh,697000,709100,765900,714900,743900,92820,93460,68560,72940,79390
RTOUgIaGptxr,706400,650900,689800,684700,647400,662000,641200,706000,629300,633600
8quHovmWHErb,697200,694400,733200,706200,694400,167600,192500,146500,144500,158900
SiqX3jQNvD21,119500,119700,123300,133000,121700,54010,44680,47310,52320,44660
xBbxU8HPnDJD,750900,750400,753500,716900,689900,284400,267800,264900,239800,254300
2fKg4SwQ2v7i,273200,257400,259900,253000,243300,19660,16590,11660,14910,15410
tvJwVzn6hE0j,263600,275000,284900,303000,301900,94200,92130,87950,88670,98440
yrVNRO4yKTK5,161100,168500,189000,170900,181400,54760,61720,46120,50990,62620
vHEupQaxk5CE,95840,93830,98910,99740,103600,55790,56390,55960,52420,55960
xwXyODsBBLr2,284600,279200,298100,311200,280600,44440,44170,40650,33420,39840
f9CoOXGiWbQ8,36080,36720,38920,39790,40160,7404,8477,4664,6102,5623
KUkG0m6YEKAA,180400,184200,203700,194300,190300,92830,84030,94670,83620,91120
533RxIJZb17t,267700,281200,311400,290800,296500,88370,85920,67340,87900,72470
Gs5kBu3HKg3X,160400,163100,190400,170700,180000,80690,72820,73220,83500,75490
NOuO3VEqRajM,861600,837000,896300,920400,818500,178900,155600,137300,131100,146400
zMY2mpFHBBHs,487000,471300,477200,466100,461500,278600,262200,273000,258600,265500
tl40KRjbwDWj,348400,365300,373800,385300,351800,143300,142300,143600,122800,128500
bNd1pYUuXGnH,228200,230900,255500,242100,221800,128000,126900,117900,124000,119100
3ECw1Uz2aN6f,938200,918900,963500,955900,880400,312700,334300,332600,342900,355200
nOOKVgr7k6nk,825300,830200,849300,907700,818900,308400,325700,319200,303900,348400
Zjdwa0ltffSC,2447000,2298000,2440000,2480000,2309000,524500,560000,484400,445400,423600
wAd9RLQT6iUU,585400,571900,594800,577600,560900,179400,171400,168300,159300,170200
bl6WrKotje0f,6145000,6018000,6224000,6295000,5683000,2113000,2112000,1876000,1864000,2017000
Zt0WAETwpZOa,145900,151900,165700,156500,145100,6891,7204,1918,3282,3677
pPNUY6vlGY8h,93940,95050,92130,95340,96550,9487,8696,6746,9145,6863
eEm1jHNFxx2T,316600,314700,331400,345300,311200,121200,106600,105700,89660,107400
flfjvlHo5NYl,35530,39510,42870,44800,39260,3828,1820,1731,2272,2559
TnGRAkPcMFHM,101200,106700,103000,116300,106200,51590,49140,45780,47600,47040
KWaCytVkJxT1,438800,440700,460000,463700,464500,75760,80080,66100,70770,74970
xnHsARo3qHEk,264600,260300,267200,282200,260800,68940,57500,59680,61150,64720
JlPdoej4LCQM,4048000,3965000,4107000,4304000,3836000,951400,1031000,1037000,938700,951300
GqyvF4SbnSu6,973000,940500,978700,1008000,916900,446700,464900,477200,441500,416500
yxzbxExmRyzu,495500,457900,489700,484900,469100,9964,5477,5466,6394,3708
RUoaqDQ6YaRy,71920,68430,72020,82010,72250,6135,4941,3095,2572,2748
TdtTob2Hsxxo,326800,303600,307200,314600,292900,86150,85160,80780,83190,81980
I9k59OP5TOey,72040,68870,64650,69650,63640,27000,28830,26830,23840,25620
A6xfuIHZRIVD,173500,159600,173500,175700,166200,44140,39820,41660,41690,39700
xgrsK1wWjQ4g,2515000,2439000,2632000,2679000,2228000,41460,2337,7679,11770,11650
PY9bCOlH7w1H,143700,141700,141400,141500,127300,79300,65330,75940,70260,74820
ZH2Xpnib3R79,489100,464900,487800,478800,451800,98970,82310,73420,71990,88400
e6dD1Bl4Nx3m,91180,96550,89810,95340,90960,14290,16720,15250,13580,13940
EcVipUg48fiD,383000,377700,419500,413100,390100,184000,166900,178800,172500,180200
LdyCvqSFptQF,211800,229300,235300,234000,236900,155500,148400,162100,137900,157800
BpcD1JAI8QkK,364400,343700,351700,380200,359800,127800,132300,123000,127000,131600
BRIHcavhFDcx,2201000,2190000,2262000,2314000,2150000,214900,204000,135200,133600,150600
IMo55nyhxt7m,342300,348400,372800,380600,351700,131500,107300,112900,114500,108200
94x2diwCACST,1011000,1012000,1014000,1053000,956200,470200,454500,435100,443700,437100
fvo5MiRuvLDJ,41730,36420,43550,37420,45080,20420,19390,16890,17900,20540
JTw9wSDXhgrR,416400,441900,447300,438400,414000,156800,156300,169700,158800,193500
3ehPeCo4v8Jk,96490,97010,99410,106900,95310,52910,60130,54490,54580,50990
6uYiitX21C3g,270500,258900,264800,274500,283500,90170,85880,84500,83340,80760
uEYXCZ6zk2Rk,2272000,2216000,2347000,2349000,2128000,63790,62410,57100,77000,75110
HeyhjJyAmpX8,623700,635100,658300,648300,652100,232800,215600,200300,215200,207100
Jp5COs9Ge9la,158100,151300,162400,143100,149200,55940,51670,54480,59180,52740
aKC4MJkjJaIo,1674000,1585000,1668000,1673000,1431000,301400,294900,278400,247200,257800
497BJwi4jzzt,94390,94160,104600,105600,104800,5131,5495,3987,4268,5439
IOFczayBO971,259800,238000,275400,272500,254400,15310,6097,3594,5015,3053
jlUhTGpCjSaU,598100,541900,552500,532700,561900,262300,248000,249500,261300,260400
ToyZznKgj8K8,17980,16200,22040,17480,18140,6318,4339,5219,3893,5077
YRMRULcWb5bQ,134900,129900,151200,131600,134600,40930,41990,46560,42030,41070
V8rksCbVo9vP,373500,372800,406700,412200,389700,149400,130500,120600,121300,121500
lCikAQXvjd2a,179100,191600,190000,191800,190200,143700,143300,153000,145800,146800
ZRBtxR1nPyiH,8868000,8844000,9040000,9325000,8446000,227300,282100,56160,99620,117200
xGp10CRBTTzJ,1005000,1017000,1127000,1135000,1040000,74510,66870,40760,49070,47370
HvhAewPJI6Ie,2306000,2388000,2353000,2369000,2186000,812900,875900,805000,718200,699200
OMsIW9JzhaHZ,19460,19670,17990,22700,20240,3528,3654,3724,2828,2861
1pTsXNJSKNBx,84820,108300,106700,94370,97730,40120,36190,35210,36470,32260
Qymz6kVNdZPH,65730,63760,68200,71940,66090,38270,39660,37030,39480,40020
quTZnAmtLo4f,582100,543700,584900,621400,574100,85410,80730,64110,68740,71420
VT64YEVyNdIz,2319000,2236000,2263000,2438000,2223000,464100,455300,401500,345600,395200
UWi2TbKBs3e1,88640,86410,89880,91980,80190,41450,40360,43440,38070,38240
aIUaCNVtQxFJ,16470,19830,19780,20420,20390,2901,4883,4704,4208,4213
uhDlulUrzloP,420900,420700,442500,410700,393600,113200,99830,86060,92970,102900
QTPqenAHzs44,55020,60220,53540,61410,62580,17530,13350,18950,17640,22300
9X7MIhA7gTPz,167200,173400,174700,178900,163000,75920,61350,72080,69730,67900
go1sYWj58y07,67420,64510,68480,70340,66920,33580,30790,32600,30950,32350
8xpXdUkfyMEn,209600,234100,223900,225600,237600,99810,103300,100700,98230,109100
sMNVjS70biA5,1314000,1385000,1544000,1415000,1325000,29530,35390,30440,23240,30610
gsc6mfztNiKr,135900,137800,142500,142900,141700,64140,71340,72480,64950,69980
qtXcuChZG9H4,91690,85060,101100,90950,86570,36760,37770,34540,36870,30750
jMZSRpymNcvs,271400,270400,290300,293600,276800,124700,106100,116400,94980,109300
79zGNECAOSar,292300,286000,308300,331100,298100,54060,47670,40930,40400,42590
6OG1BI2sZmJV,214900,191200,207700,211900,193900,66940,56080,64090,59240,61130
q7si1jTgb7Ed,953400,978400,1061000,1113000,995500,52970,29520,6208,7891,9520
DHIgaMQtAmtc,282900,266900,284100,297500,281500,160700,135600,149000,156900,157900
drkpWu6mPKw5,99200,101600,112800,116400,110300,50120,47720,40350,48000,40380
oQiuTrz78QpA,168900,170500,171800,180200,163400,93130,91040,86760,88040,90300
GqmgVjg4fSnK,2048000,1956000,2090000,2127000,1939000,806200,776900,742600,714900,749800
oqwG7bcTzdix,138300,131800,143500,144100,134700,21980,20470,18390,20160,21930
gVLQvHQL7VrW,287300,292100,293500,290100,295200,93310,82200,89530,82840,83000
dut7OFlbnXas,491600,476700,513800,510000,525200,154000,159400,136900,141700,141800
r5o6JycG2RZ9,35470,41710,39760,44970,41720,30350,24070,29250,27530,29780
r3HkpZBf8Mij,1368000,1318000,1390000,1358000,1412000,547000,506900,558400,496200,501500
Jy9tjAPa60gz,10060,11950,11950,10620,11430,3457,3485,2748,4586,4242
dpodamOKbaNY,247300,252300,265700,256600,259900,116700,125200,122200,110800,105500
NBXkVSuTmXSJ,446300,442900,487900,537900,492500,194800,199800,213500,203900,212300
MB0sso8va9Jt,475800,472400,512100,490100,478300,147300,133900,120000,118800,121000
u5TOvLAQNDwD,5492,10580,8300,8983,11110,9600,11140,9147,7579,10010
5WmjRNsKNprZ,3011000,2843000,2897000,3017000,2891000,993900,873200,917700,922100,881800
ZQZgjR8Ly3nT,103100,94580,114900,115600,107400,50110,42120,48340,47190,40200
5ZjXPsrglxQF,1e+05,101000,106600,98130,102700,41400,38800,40340,36710,36960
7xUItY7Bbam9,215200,213400,229400,221900,191400,22820,23540,22290,20760,24530
UnG3M2lOf9rO,56790,53880,63820,66310,59880,30930,30270,29660,26260,27830
bgQFYD3LXPQn,473300,446400,513700,522300,460600,232000,251200,238400,218900,225000
7McvOyDBqdYk,27210,26580,28670,27000,26130,12470,10640,11270,11040,10180
tP95qs3h6erJ,12510,9936,9854,11040,12220,2278,1956,1713,2062,1713
drCrgHXne9kc,299700,323200,369400,374100,306400,188300,170100,179700,174300,173000
tmsZHrxE0Gin,217500,217600,235200,252300,226100,120700,120800,102700,113000,120400
qOQ3NC2DqL9p,887000,858500,881300,907400,834900,214700,214200,190200,169500,174700
RifUUdH74iZT,107500,112300,113100,121900,100900,41700,37970,32700,36730,38190
2X7nTMkJxUit,89790,93420,89310,88940,91460,15450,13530,10510,12530,11590
ppZVuVGWQlTT,257900,275200,262800,272600,270600,136000,130300,144300,127500,145400
nk1kWxEPH3bL,462200,449000,481400,461000,475100,280400,251900,262700,277000,259100
FiSnwiyVinbY,86960,88490,86840,100200,86650,23970,23590,24130,23960,24760
HAca8XjnME29,157600,155400,165800,175100,162900,80210,73870,71760,79780,82480
sv3zwyXXxhmc,270900,252700,247400,269100,249400,123900,120000,123700,123200,127200
E8W84ATy5HrC,812400,761500,824100,832400,785700,324800,304700,305200,290000,327100
4oZndgo5Y7cg,207000,200100,218700,214800,200800,8849,7456,388.1,2815,2324
H1isVbiQTlk1,154400,165900,152500,171000,159400,59420,55610,55590,55350,45200
bLq1exF0EEWI,2418000,2264000,2390000,2369000,2189000,57190,48200,6369,7821,4215
xQfcbaOoq0TR,381700,350400,360800,406500,351600,25380,24680,8525,13620,11780
AOURTyYgVvq8,37590,36670,37820,41480,36880,14480,15450,14630,15660,16230
bNHQVXXRSi8Q,216200,221300,225300,220700,215100,71800,75510,72210,67430,68730
5mWMipiyxSMt,481400,472800,491100,470600,461600,314800,291500,301300,292200,289700
WStnMOqwxpDv,2347000,2361000,2420000,2551000,2380000,822000,792100,736800,705700,739300
qhe0p660cY0G,684900,665000,699100,671600,618800,86550,64930,69660,74740,69870
k8gebXg6Z2K7,72080,84810,84830,87760,77680,38860,32220,39420,35280,39600
oaDoYVMGQr4W,395500,362500,377900,404700,347400,208800,185400,150200,177100,170200
JPQP5GSuJqk6,225200,239700,227900,245200,231400,251600,227400,235200,243400,228000
5PWbU2RPLvm1,50500,45230,53790,49970,47560,21320,21290,24500,23340,22600
L1PkPnYbgaME,79900,76330,83130,94010,89550,19110,23400,20490,25550,28100
sEfA6pB21Dgd,20170,20370,22240,26150,23610,7009,7605,7743,8398,6179
UEsAFxr7igcs,226400,220400,238600,224400,203200,155900,148300,143900,147800,141400
NpcRVr5bYGSQ,4338000,4200000,4748000,4617000,4057000,1247000,1136000,1041000,976000,1116000
0S4WyeMQ0ESA,120200,122300,112100,122400,111400,35850,26730,29160,25750,26400
FRHAMPoaBu6q,430200,426900,421500,444200,377800,4564,2206,3012,3069,2686
xDSavCe4f8yD,382200,378300,385200,412600,394000,23960,24150,10920,8066,10400
Uj5AWC08FDB6,57970,52770,64170,64190,61460,91950,93670,91280,96390,99700
apBi7rYyPrEp,123900,131300,127800,128500,132700,19680,20860,16560,16700,15570
cizeLo9uGxzK,412500,396100,427800,458700,430400,227900,224700,216500,212800,213200
lJMeuV3OKsaj,150200,155400,163900,167200,148500,71530,67230,70570,72840,72840
Ju1Q4CNujnxJ,124300,114200,126200,121000,108700,9330,8002,2152,3354,4408
KJ7wZEbE19vT,92270,88640,87370,93180,86890,29190,23300,22320,22960,27570
UaGdniOed3Ia,145400,153800,159700,154700,151700,93620,95910,96540,89450,102900
fxx4ZsZxRsut,365300,360600,360300,368500,336400,100200,92500,89330,86980,85430
sedVCwIIvRZD,142000,146900,158800,161500,146300,53080,53610,50210,50750,46700
ur0diRkfRX9n,486300,477400,503200,501800,478100,20800,10850,3441,3703,4355
uzARUc4tX5mF,2154000,2086000,2220000,2081000,1978000,722300,716000,719500,642400,651800
PQA1KqlFdE7b,39880,45800,46040,47350,46310,42970,41850,40010,38800,46380
fO8KE9UBQjxk,693600,703800,721300,731000,732900,243500,254900,248300,231500,205500
PhCCAOXiDJaw,518000,536000,534100,528000,465700,145200,128900,122600,123500,136700
sk1OREovrPwk,65120,66930,71420,64920,67200,35920,34040,35330,33150,36550
E1UGVs2yOpBD,905600,877000,922000,901500,855200,301900,301400,301300,303400,278800
GhOgIODMfBI8,352100,329100,358900,339200,335500,116000,122100,127800,110500,117700
BtolmqrwgaQO,171200,176500,199200,185400,179700,31620,32670,24260,25580,25560
XZsM9emFc5CR,1108000,1027000,1127000,1148000,987200,279200,276800,251300,249800,261100
w8ZDjmSHSqvl,341900,361300,351400,366500,334800,118600,118200,118400,108300,101900
y125oyRTj9Yb,387400,401100,449200,419800,419600,281300,280400,289300,292200,276400
OxdDGVOYCVch,222300,204900,221400,241200,204100,1e+05,93220,92820,90850,93070
rrRYa3MYFLMn,619300,661300,706700,675200,672800,310100,304700,274700,297900,310200
lJviOXL7pmgv,230000,235800,243900,251600,231600,68420,63250,48250,51230,56490
3X380HQasA3r,119700,117100,122100,123200,117400,89230,81950,93420,77460,90890
DXFnPbhWQ0yt,1576000,1569000,1648000,1578000,1455000,835800,811400,829800,748800,785100
ofcOrJC4P9cz,1219000,1228000,1286000,1278000,1206000,298500,288800,280700,286300,315400
xFF4XYtFpGrZ,27690,24360,31100,26900,30370,28490,25880,28020,24740,27160
G37ejw92Mpx7,100500,94690,94390,94760,94710,14770,11320,8729,9416,9439
eGaZaQtttjGf,385000,361000,360800,375200,347400,99650,98270,90250,95520,96020
5Sbd1zDpGazU,294500,297800,295300,292100,281700,105800,101000,99370,89120,99370
l22nl5XohoMZ,3192000,3135000,3157000,3346000,2976000,91550,79160,14540,20490,15030
WKr1UOd8arvF,164000,154600,164800,164500,154600,89830,88910,86940,76480,95980
dYCCs66y2ypl,233000,251800,241100,241300,244100,174000,167000,156900,150400,163600
KbnOXPr9ZXzY,59760,64950,63880,68870,62830,6949,4504,4458,4418,4373
oYBk1adIsMIq,357400,352700,369500,372100,333400,137300,131800,138500,142900,137500
hwLqNGnK5PJH,484500,447400,472500,475400,430300,14900,14780,2252,2667,3111
PH4xSmDm2gyi,476700,515200,542700,498700,561700,435400,414900,415700,401100,411600
Id2FUWdQxkWA,56350,57890,66930,63260,62920,24390,21500,21520,20620,24200
Qh5JJlPj33FC,62410,64700,65700,63850,67910,66500,70500,64960,58880,58800
oPn4FwRJsJJw,1420000,1444000,1453000,1516000,1434000,775100,782200,795300,756700,762400
mmtmUUTptqVm,501600,450300,457000,492600,478300,224000,179800,186800,185000,184700
kfSNc87Zkc1Y,3040000,2989000,3243000,3140000,3030000,565100,565900,616500,544200,536900
HfWoSWcCT7ar,544100,534100,578700,526900,482000,113300,93720,107500,87050,85260
kZmjTcQnLWkv,466100,459700,499700,501100,458200,14930,7811,4867,6770,5367
yiyOilr6agad,122700,139400,142200,140800,128100,26910,26380,29470,24700,22630
Zy02T0HCbIVE,76680,74760,90440,90970,86410,4018,5965,2046,2960,2969
RJrwQxPGoq4r,399900,369200,392300,374000,383200,121200,103200,108900,99270,106800
4aIVtsiwXUdH,107300,108100,117500,115500,102700,38260,35650,37320,35720,33400
YDm0qOpf4BQU,30270,35490,38010,34650,42230,8705,9393,8373,8739,8416
SQuzzOWRht58,277200,299000,320800,313700,306800,82950,65420,67220,56760,66630
tnX9C54gGHFH,1130000,1124000,1172000,1232000,1131000,446700,429900,378300,441500,432600
zso2XGVn6Zge,66110,60540,64730,61540,63290,11380,11010,7403,8296,7539
kZI3mTCpMywe,221100,207500,220500,225800,204000,22030,20040,17380,14500,15680
ODXyvAE4tIWb,469400,431000,438000,460700,414900,102400,89770,81060,80850,90070
ayfDOh5zloVb,521800,512800,553400,572900,534500,228700,266100,245600,234000,227200
y5GQtIYMAyZ9,33070,33740,34690,37050,34420,19190,19280,16720,18960,15430
1qflj1LskdiP,385400,388000,394200,412300,379000,19460,17970,13800,11020,13300
ClT8u34vrCKL,43790,41330,43390,43280,41780,19250,21660,21100,21250,21390
olrYCeMDGDt9,168100,148700,180000,182500,167800,108800,95810,110100,108200,119300
YoMwKGkZVnF3,261400,269100,289800,281200,283100,76940,68720,59430,54250,60680
B3BAU9wRYpJI,93390,92770,91860,94220,92240,49030,53210,52710,50320,57630
rGRKxGtxTqi9,90530,91380,82880,88960,86950,23050,22450,23960,26490,19610
XvjTDNSc6cvj,490100,481100,502400,496000,452300,86580,102100,98420,89680,88590
2Zek9eQw2Rku,227400,227400,222000,230800,226800,47650,54260,46730,42590,45060
hUwr5cRLTaNh,312800,308900,309100,279500,283200,19680,20520,16860,14280,16620
DMqqO9G4q6H8,57230,54700,61890,68300,59020,30060,28500,28690,29800,30620
vEHxzMC8rQ7Q,7185,6325,5517,7905,6374,3929,3214,4555,5163,4174
CLnJYVg1Soqh,53870,63840,62730,57920,64230,15710,17020,16290,14940,16180
1JSh2GmgoOVu,95880,101000,96070,97120,99110,53040,51160,49610,51520,46670
eaXQNURQfA03,88890,89070,95150,95100,83910,35720,32010,35990,28830,31700
Uea2h4KrY4eE,95070,87110,92290,91100,85780,4964,3803,1427,1383,3767
47fKp8ekLiI8,484500,452100,485400,521500,453400,97390,98800,100700,102900,95190
qIYYkr2K3qUp,319400,300800,310400,324300,295300,10110,12490,3024,2728,4928
UtBlIMAxgzmD,48030,52490,53240,52620,52540,12430,14230,11980,12290,11540
AxNQVa8GPaVA,74060,72430,72720,78830,73180,10740,12690,10470,9177,7036
KceX3iLlA0uo,107300,107400,104600,119800,114700,60460,58120,59620,49930,59100
zHzTjV337zMO,35480,47270,48340,38190,44180,3161,4332,3417,5515,2288
U6S72ak0MJ0d,110900,115400,115300,118200,106600,59380,52440,51470,46360,47780
j3OOvVM5Aoyq,69050,63790,66830,64960,60000,44210,39380,43980,40060,42130
jgGdKBY8rzX7,1320000,1204000,1397000,1346000,1295000,519100,553100,513200,486200,528700
yhHYAjLtW3hY,114000,105800,115200,118400,115400,53350,41560,48180,47630,49720
0baN9BFDRRfF,197300,235600,239100,221200,206900,35130,38520,26990,32750,26490
hSGqXh3zdhP7,455500,411300,473000,445000,422200,68350,57110,51330,44600,47100
JjNd7nIOtSeq,573000,518200,571900,565700,538400,171300,165100,159300,155200,154300
yGlpdgrLrlhW,72810,75780,82370,76720,71340,20720,19370,18740,17760,17820
DEodnikXO18B,491600,479000,484500,480100,448700,97680,103900,103100,117100,93360
ThmiwsqoRYHS,70480,73480,73130,80210,77970,29850,31410,25000,27160,31910
InMDYPJtmG7s,82350,80510,83960,84170,71110,6116,6540,5482,4335,5031
3fBk3L5SXezJ,287100,265500,292700,300900,271500,24810,26530,18240,23840,16700
X7XXcb2AufMQ,137400,141900,146700,147500,143800,11730,11640,9977,8525,10010
y6454064d4m4,1217000,1192000,1290000,1234000,1169000,424200,384100,410200,389300,403600
YSMBdssbPECg,46120,46810,47500,48130,45920,3417,4658,4159,4414,4049
tb7Hp144sZJI,11160,12070,12520,10630,11610,3450,2386,3418,2560,2574
mBROMjcnkXIS,217300,209300,243900,227500,218900,138800,138200,134900,135300,129000
fFIi026eUo0Y,301400,268900,276300,305900,270000,81680,85910,75190,89420,84940
uSzy7wBr10tq,465000,450100,461700,479900,429700,106200,84470,67720,77670,72300
4Gf6Elxlw7Sr,2014000,1912000,2083000,2025000,1942000,539600,526100,499200,443400,485200
pucbF1wBOKb9,359700,352500,361100,386600,337800,173100,171600,168500,152800,162400
hsvuzwptvllU,431800,424700,425800,428700,422700,172700,187300,168700,167200,180200
mvUeleUdJjTn,271700,259700,253500,284200,274300,51300,43810,30610,32190,45230
Yb8rxazMXYgi,67630,66650,68970,71400,68070,13260,12560,10090,10130,11790
d6xV1iGh2nbA,250000,237200,234300,243600,235300,59400,50200,46920,47340,49040
1SnlJcW2eNkT,230700,225100,237400,234700,219200,6016,7676,6096,7544,8765
uci3VS9MlZb9,323000,360300,392400,392600,341400,113300,106900,106100,112200,93290
VbIPqWoIOP32,552600,524500,532500,551600,511400,232800,231200,261100,230700,213400
dRlqQ41mDtej,285200,255000,289500,275600,249700,79900,71810,70580,61980,65530
9hYi51SVqdyt,925300,929000,952700,998100,870100,39980,30870,24910,21570,25760
Ta56L96aSI3H,154700,141400,148100,149000,147500,89130,88930,88060,87020,84020
X5ucyDkXbxDz,188800,194300,203600,194800,190600,82670,78180,75360,76240,72060
fS79In4oglL9,1702000,1633000,1699000,1677000,1568000,425000,417600,439500,370000,411800
kHllIJD9I1mL,35970,38340,42490,41450,41230,20280,17800,19990,18360,18210
gtSerGtN4X0e,232500,236200,243500,234600,258400,92530,80950,102100,102000,101800
H8XC7vaxdR0F,166600,174700,183700,162400,167600,79560,80380,65400,77660,73360
OCmw9Sr822wf,25190,22120,26350,23710,25540,62400,62830,61720,62080,61630
s4jaILNxnXn4,12540,15960,15180,15010,15150,5397,2946,4444,4739,4202
2my1CGCrfkX3,34410,39310,38410,38710,44050,13760,11760,10600,13290,13860
KInDVyrkQF35,460700,450700,465200,494000,482300,113100,106000,105400,85490,88540
M4D86KCdFyNS,101700,106000,116000,107000,94310,21150,18760,20190,19360,15600
1ltpgDQbo9Jb,247800,250300,275900,276900,245400,74880,72010,64470,72760,76870
APHGrwTFUuHE,59800,61040,57660,57470,59080,35870,30710,34650,31390,35300
9Fs0iQqDuH8f,867000,875700,901100,915800,884400,261600,238900,269300,218500,245000
rA9oC67NBLyx,578600,528200,590800,571600,548300,149600,136900,149600,129700,142600
RbskWJ3Emtrv,186400,188300,197200,201500,170500,23220,18090,23220,17350,15640
VpV2V1nKlJBD,6425000,6529000,6516000,6599000,6061000,256100,195700,38480,41040,47270
55IKCzSmFRip,162500,155800,170700,169900,149400,106100,96880,104500,94440,105100
k379k3WTWA2d,771100,782100,782000,796600,763000,258100,258200,261800,252200,225800
rfDJZKukHcAb,1486000,1389000,1528000,1554000,1330000,325500,292400,271500,261400,273000
p0rrdAnU8pgg,1707000,1601000,1854000,1934000,1755000,848200,810600,805400,742500,782100
V3VOHSUBBtEN,236000,227300,233000,253400,215400,48100,39280,47710,47110,50100
TmwyK2TRfLF0,135900,140800,143500,140400,138900,50550,49310,45470,52050,52090
9GQzzkxbTmYg,94750,97240,104400,103300,93470,32920,29110,26320,26340,33820
xj6xIMc7m7PM,165700,174600,165900,163500,163100,64330,71500,64040,67620,73210
pzfhxsVn5cd1,280100,254700,244100,255600,258100,105500,115900,73120,79130,86950
YcYpUGMhE2zO,473400,448800,492200,478600,451500,212000,197700,184900,188300,205400
dW2Eqkm8dNKJ,120400,120700,125200,131200,124700,17390,17850,12800,9031,12980
ggQmpAaspuoV,1141000,1103000,1242000,1233000,1143000,56670,41920,13370,19570,19320
j5Xx1fHNLmHb,212700,203600,222500,226100,214700,121300,125800,129400,127600,131600
EzFiINFgxezT,190200,185100,189000,196900,184200,34640,36930,27230,30830,34300
nCDAa5XWHzR3,242100,217500,243200,252600,238500,58320,48230,46470,50700,51810
jEPKf2PA74if,48830,54190,55000,53460,51510,20000,17890,17130,17050,18540
ub9XEFUMmvYh,74810,74840,78670,83110,80470,4340,6301,2350,4310,3124
qsWR060nwvet,427500,413800,417400,426400,376100,116400,106800,104800,83710,95400
YX3dOWPdNX2Q,593700,582200,585500,622600,587600,22120,24780,11560,15890,7418
Gl6eHftkxbpq,343800,335700,354500,351100,335100,108300,101200,114600,113300,112700
YY4m4R86l9kn,92180,92100,97850,101500,100300,25430,19350,20730,18600,20690
wzVGDSqsorsE,152700,144000,168800,167900,159100,27130,22950,19440,18680,20700
j7YW3xeDIsvJ,111900,106400,122700,118600,113300,66630,61740,62200,58860,54670
lLq7PtSvkT2d,65330,70610,71770,76970,65600,29900,28750,24010,30210,26970
0Aa9dNf1ZByd,566100,566700,640100,621200,564300,174100,168400,153600,163600,155100
ToCmofa3pzmo,985100,926900,963100,1045000,962400,345300,382000,314400,324600,389900
Qxz4ohQgRtyg,312200,291200,290500,293800,289300,133000,133700,147700,136900,138500
c8TbYz59A0Mu,53050,61570,60980,57420,57910,3007,2385,1044,1235,1175
jjz9piObCnDJ,2189000,2428000,2433000,2445000,2335000,501200,369400,381400,374600,370600
Un6xuFvU2Hm0,2669000,2592000,2707000,2866000,2493000,831000,839300,882400,802400,817500
RHQDZnn2v7l3,4536000,4488000,4649000,4481000,3942000,1034000,1049000,1071000,1003000,960400
TXtas3yELXhR,618800,613100,646900,641900,627900,241300,226100,234800,232800,244100
WWMRmHVqsG4m,84420,83230,93110,91990,92260,13120,11640,11730,10070,12740
hhTJ6J8TxO1V,125200,124400,137000,130400,120800,62500,56590,56170,53360,52950
zyDNkArfSz5r,334300,323500,331500,329100,326600,46980,47510,34990,35940,34790
snTJjZIa2tgE,1044000,1004000,1109000,1082000,949100,278000,253200,257500,221800,238500
K1GIiKX9rNaF,70930,72530,66880,73070,72420,53330,53110,46400,48550,51450
ouykhFAncxD8,329800,342300,352600,337400,305200,85820,95460,81260,87370,80670
7ZRWTixvGHUa,113500,116100,118000,120000,106700,10500,8799,5114,8705,6528
T3zRUbYwoXq7,89720,87110,97890,98070,95630,31450,28470,25150,24770,26570
ktQKQoskPWnT,45830,46270,48740,46910,43400,17090,13820,14510,12810,13570
9My8lMTU7T7X,44170,46010,48650,47990,44300,3372,2139,1026,1647,491
itSNBKvx1erm,910300,854700,930100,978500,819700,288000,259100,259100,250900,273400
SDyx0JUI9Jzb,58270,52300,57560,59880,57610,7303,7906,7371,6621,6537
HCBK6ehVzijM,798100,851100,902300,880100,803200,90390,62020,57340,54380,62620
nwBxs5trJET7,89780,87470,91490,80450,93700,41600,46290,42340,36300,37660
X9JrBbH7VYsy,118400,121600,124400,126200,130000,9534,10310,9173,7696,4474
nrbKQNZfbHbV,330500,336800,346700,344000,331000,79490,69750,66720,73110,70530
DhFZAjwzc7vv,676900,645100,681800,697800,622500,26990,15660,6139,8799,9469
gMP4GWg1BoYy,587700,545500,593900,611000,530700,23790,20430,15090,15790,16510
rRdpusePa7U7,285500,281100,276300,299500,288300,25840,22330,18300,19800,17900
gcfASIvuYqMF,340500,343900,355200,340000,340300,110300,91450,94570,105700,94220
BtZuMZOIMpwI,416300,420600,429200,468000,439400,92540,82810,82680,67920,79460
gTrtYmrI6IVI,662800,682300,702900,732100,654100,240100,267300,231400,251000,249800
jSBwy9EYAxED,78260,84330,88950,82340,83470,58890,62970,66100,59600,57790
lfMbTwjOzmVW,1014000,996600,1071000,1039000,1e+06,214700,222000,206500,192300,195700
K2CQTjVBEYzy,221900,219300,243900,233500,212200,35040,26190,23130,25800,29490
t0AW81vQq0Pr,262900,260700,295500,314800,280900,66610,70150,62920,53990,68670
LqlM65HZLzXC,170600,170200,167000,169700,172500,9539,8744,4646,4909,3756
eMqmnoT1kbrN,85130,83280,88360,87310,80940,6666,5414,4029,3261,3257
bvX5N5FpWnrS,667900,663600,697100,681700,652300,146200,131800,127700,131400,138100
hEUhTCTSibXg,938100,881000,895100,924000,851000,484000,473800,491600,466400,472900
7FSuUESEMRFy,534900,493000,544600,590000,491500,127900,136500,128300,136800,124500
wx4nruoCaFGI,607100,640400,656000,710500,608900,168600,175600,168500,146200,134000
zImjv2286S7O,196200,209400,218400,205300,196300,13340,15540,5933,9582,7776
eQGGbzfCiD7H,2345000,2259000,2347000,2365000,2183000,153300,102800,101500,91690,108900
6mbwDCGLbULB,653400,668100,665100,742800,644000,86410,82010,85970,77760,73340
Hz9K1HJZAXlM,200500,205700,210500,216400,207000,116200,118800,112900,102500,106100
sqcbhUkZiljT,17480,17700,23010,21640,16370,6820,4921,3688,3793,4714
VYAU0p4Q6qOD,133300,129500,135300,134500,137900,51140,47140,46470,41290,46540
A99gaqNkKZq9,748400,762500,793700,829100,762200,467500,388000,425000,437100,415300
ub2JnljxVGGj,166100,171900,171300,178900,156100,52620,43000,46910,45410,44720
AHQZ6LltlJEs,108600,102500,115900,121200,116400,32980,24570,28400,25600,25930
M9fUNdxof5RI,285600,294500,302600,312700,286800,46480,37730,32460,31160,33870
urzqzvJp4caD,132600,138200,140500,144900,129600,26420,22020,23800,23800,24780
Zs9W7lOu4fwf,398400,396000,400700,429100,418000,151100,141000,131600,127100,126500
pxzYd8v2VZSq,15880000,17200000,17460000,16920000,15180000,1485000,1384000,1131000,1260000,1002000
ZwxBLbTKrBjy,249500,225100,272000,250400,248900,41850,29570,14850,18990,23450
g5877ySyJRaS,152600,161400,163800,154800,160400,69840,70760,68870,67250,65750
t1CQsXwiC5xT,156300,146100,159000,167200,157300,122000,115200,103000,100500,108800
pLa1HqsPOUtZ,9368000,9174000,9869000,9702000,9038000,1636000,1473000,1177000,1231000,1277000
oJmEdEq7UORb,120700,120600,134800,131500,136200,33190,36630,31830,30020,27820
FiY3yxHNJZ8b,400100,391900,390700,402700,391300,11660,11300,2821,5047,6011
hsQkQdeF7geo,1752000,1668000,1771000,1798000,1648000,603600,579200,577900,581500,549400
rvQQ7P58ULyH,68360,66500,72880,71750,68340,23010,24160,21210,26550,22100
SDlVsX14fGIz,324200,304900,356100,334700,317700,134900,128500,110700,114600,111600
ZKV5e4JUaXut,294500,278200,293300,284000,270800,84890,78200,71250,80530,74540
ZLcL7vsBqKuR,173200,185100,194000,198800,185100,96920,100700,94090,90710,98050
B6ovgSxJXqSA,470000,443800,429400,448400,438500,99780,95290,103900,81770,83640
nvHbicaMtLqA,3558000,3255000,3401000,3631000,3436000,1598000,1462000,1613000,1590000,1789000
Hr6tS65yblUM,601900,585100,657300,644800,595400,246800,229400,234300,245700,243300
0G5pQHTujHYV,92320,102300,114100,111400,107500,39250,33490,39490,35950,35660
xWWjFM4tbWPu,397100,463300,418000,450200,426900,169500,163100,166100,151200,173600
tkle51VDQcn7,2027000,1936000,2078000,2075000,1916000,1197000,1169000,1146000,1072000,1086000
bCQktlAGpJiQ,187700,189700,188600,198100,195700,27770,36240,29970,29650,25740
Ge3cuzOjKguQ,28380,25930,24520,26830,33990,18660,18070,19630,17210,15040
dh5SQqUOk8PI,625700,592900,621900,629300,574900,16550,7572,3733,4876,4855
acgUAKJ2am58,57390,54630,53780,53970,53100,32550,27430,26770,28680,29000
XlxoPDo9xhxz,155200,152800,160600,164900,161700,36470,34560,35260,31750,34360
mCKYEgmzLklQ,163200,171400,198500,181400,175100,58510,53070,48310,54830,57200
FT7U2wwrzsyt,586200,565900,562200,578900,552000,112600,103500,86350,84430,87410
gi36ECxg1vjF,57380,52700,58810,58450,60870,32260,32030,32890,34290,32590
Ltbi47mskwSo,75590,75050,87650,84410,77970,18030,12430,11060,12050,12120
LPKOijRie9lf,88730,93120,92390,89200,90840,26510,19770,19920,21460,21900
iUZEPfekwepi,390500,409600,399800,419900,394700,126800,128800,111900,121400,120500
2gH9BikwcK08,220600,221600,233100,241300,262200,68200,61410,52340,65820,64520
nhByugu3JbW1,326100,308400,354700,363800,325800,174100,175000,171900,175000,160900
wdUHCBq0rMz3,175700,170300,175600,169900,186800,57000,60640,50640,54760,50470
5EEfDRBWWjRz,189400,174200,198900,190700,192700,77230,76730,75720,74050,85940
ceAcglH6N8lG,837800,888400,913200,886700,861300,311300,276500,301600,312500,265100
bsLAGiuAVtK6,204500,200800,217400,194300,206600,46660,47400,41950,44960,49210
N3wvElZgspUM,1444000,1382000,1393000,1450000,1255000,527000,441100,480100,450000,459300
TewJcSe1KDFu,383800,366300,354600,386700,321900,140500,138700,132100,125100,126700
r6ISTxZdbpDB,22480,24260,23740,23370,21720,10050,9200,8467,9995,9047
RWRLUBOECdV1,326200,321200,357100,348300,332900,160000,164100,163700,154600,154500
6rFr7vRoSErF,246400,247100,270200,259200,241400,119200,108300,99660,94220,90800
9uPChkGabvfQ,180900,183900,191300,191000,200100,122700,115300,120500,119600,111800
U5wurZ0aA3ua,168300,178300,170700,166900,171500,41960,46260,38560,41220,37640
N3YjeuMExkFM,75600,77010,76610,81820,78570,16770,17290,15110,12340,11670
doyhzUcmosGg,334000,304600,338700,313100,289300,76280,84720,76630,73180,80050
dNR4OF3YrkTS,12100,14460,11290,11730,13200,4268,3568,5175,4629,3270
938zkapn7zSx,4426000,4389000,4833000,4680000,4009000,1341000,1481000,1435000,1230000,1235000
Nh6gti7DN3Vr,76670,81810,83550,91310,74550,10380,10200,6289,7938,9294
KUUcx0mAWx7z,257200,255700,256600,261000,226200,17080,14520,9733,7618,8457
cqzNeIXKVe5E,45960,45550,46140,47010,44130,16140,14850,14240,15430,13220
jlhnXskFRIZV,147300,138200,153000,150700,138300,67050,57030,58170,61150,56330
QU6zOWcPppB9,60620,61260,67920,61590,60880,40900,39020,39220,45090,40160
t2KwSV06hUt1,1494000,1544000,1513000,1549000,1394000,438100,440600,428800,416500,393100
64QKyJWcC9Bd,135400,125000,136700,141800,128500,32690,32880,30120,30860,30890
n32k0M7JVi2O,335000,341200,342600,364100,326900,71060,73860,62400,70040,56970
6zszHNBdeu2C,282300,269700,275000,315500,283200,185700,165000,188700,174200,201800
wqjYqS9d3heL,57280,59850,60830,62640,68310,28010,27430,24230,30790,28170
u0Ei8c7mVTiW,160400,162100,172900,172500,162800,39270,36880,37230,43350,42330
FOFyU78SXDJm,105600,105500,124100,131200,108500,43980,43080,44440,38780,38780
uTjOfZzxgyiu,49980,48470,55020,52740,54890,12070,12960,10130,9280,11480
y1pBHXFbDrZu,3833000,3568000,3861000,3899000,3534000,946600,1011000,893500,856300,869900
Ofbv0bj9DHMU,410200,406800,451900,440400,424300,56150,41790,38950,44050,47090
Hi7UAqR2wbQJ,744500,692800,773800,752500,713800,397100,378400,389300,383100,389400
U3sJaYYh8x2w,134200,136800,133400,138400,136200,24730,24480,26020,24700,20600
iBkflaDLHQNO,196300,208500,198200,209900,212700,112700,110500,111100,113600,110800
AsNphHa2NolF,321900,306800,329700,336300,302800,244200,241500,256300,230300,246900
YmWZ9BLE7oKg,50280,47850,56660,55840,51430,20920,19530,22690,20440,19610
TToomSQiLc1i,1146000,1111000,1149000,1204000,1082000,405300,363100,376100,301000,345800
IXCcU0asyMWs,162200,161000,155100,167600,160100,246700,253100,263800,239400,248000
2wnlTvaqvZOK,247600,239100,249600,259400,249000,58690,58990,39900,47760,46310
UR2TCMg1jII0,248600,253600,265400,258000,238800,85430,95580,95830,86490,90330
vi7KA0qk0HMF,138000,143500,154400,166500,161000,47140,44130,39010,32910,35420
Q82EMbOMnLVa,152200,158500,166600,152700,162100,69050,63850,62030,59870,65180
V3ZWrLYiVO58,516100,472000,509800,478600,418200,174700,181500,212500,193500,185500
4gH4YPGsfmuk,1121000,1049000,1131000,1127000,1024000,297300,314600,290600,281200,281100
kc3nW7l8Mc6K,48900,48180,52150,57140,46470,20660,18060,24240,18470,20550
lgOm6pnk7Hlf,8333000,8254000,8542000,9286000,7947000,1223000,1124000,1109000,1008000,1074000
HnKyTaVvI8oQ,196600,197000,208800,214300,200200,47460,50110,48120,40380,46640
si8pF7pVwA01,99030,100600,114100,122700,103200,40970,29460,26710,32660,35730
HYveYu2rsmvb,729800,684400,717900,716700,692000,27120,15470,9556,6980,12480
Mz1h0ynrtoQz,105600,102900,110100,104700,97980,9241,9429,5978,7017,7787
zXdV3NHBQ4wh,155400,148200,147200,141500,126000,37630,42700,40020,35750,40290
AvYq1WmjIsc6,98110,98830,98840,99120,103100,21780,22630,15400,15770,17920
J6GKaPUlOnaq,326200,310500,357400,337500,342000,34950,40340,23210,26410,23660
ty6x8179eqoS,52660,48780,54890,59490,51630,33210,30510,29060,28980,27310
OnXUqn9xIAfi,1351000,1184000,1211000,1285000,1209000,1119000,1131000,1144000,1001000,1073000
nL8LuImQCHr7,3328000,3282000,3366000,3348000,3033000,1131000,1245000,1082000,977600,1078000
79joiQ27q2v5,332600,335900,356200,378900,347400,181400,188000,198100,176600,170800
4kmqdTrcHdaZ,139900,128100,132300,142300,118700,48610,46640,44870,41760,38970
gseDUckHmCTO,144900,158500,171000,168700,150900,31090,34010,39900,28800,31940
j1QBlMGTeMoY,349300,346600,362500,380200,347400,29640,17620,8514,9829,10740
48B0LZsc3vGS,162800,152200,161200,168500,145500,45510,47150,51760,43120,52030
PC2iVzCJiLqH,61350,60970,66690,69900,68940,33890,30310,30320,30480,27900
kFkch0AnuB6U,1845000,1653000,1753000,1867000,1604000,54930,47610,12880,12010,17220
T91LfTgFZEQY,305500,279100,297000,311300,301700,83520,100300,86920,78400,83710
AfouW7SashbJ,189000,218400,212300,203800,224400,68750,64210,55400,78130,58140
zVLWnV5TXmEz,1103000,1196000,1146000,1139000,1110000,371100,387300,384200,359300,350700
lpcXVUgRkodP,1630000,1580000,1696000,1687000,1448000,426400,444600,409800,353600,367900
xgmx4clNyJ1R,56210,58550,67440,58660,60940,32000,30420,26620,30650,27650
94NMW93T8Dg4,47430,44240,45900,48330,46060,5791,6652,7000,6339,5603
pUmwdjjcpRty,144400,149400,153300,169100,163800,67710,66930,63120,65500,67420
uyyzCd2gvNUc,238400,234600,241600,251400,236100,100100,102800,91480,95450,96240
ohpUGSjoxGXp,791800,765300,811200,812800,762500,45810,31810,7886,10340,10850
glvY7mDO6jf9,263100,298800,289300,303700,304800,97190,76470,64780,84610,75330
MqJ93MU7IENo,79540,87840,89830,88650,91390,29240,24560,23110,23230,20980
qQeIhBX9KuwP,50520,51330,52820,51070,53030,12430,10580,8789,11280,12850
aAKPSx7Ui6it,1827000,1664000,1768000,1821000,1663000,573900,611800,553300,514700,523900
KHWRckriB2v4,389000,383900,418000,404900,388800,167800,164800,151200,164500,166000
HuYrd5SyCzvC,246100,232700,267300,253900,234700,26500,20100,15860,9124,17190
EdhyfID2O8Rs,242100,230400,235900,214300,272600,70740,72240,66500,69600,72820
Zajmoc6zCKx6,58630,55690,63220,63890,58400,30400,23980,23350,26440,26960
Tyxjg9QGONAJ,938300,900900,951300,975200,914800,367000,356900,329800,347700,332700
tKR7ylJoUAEV,230400,226000,220400,240500,226800,119900,105300,105600,100200,109800
c6RVEnnCZVdT,1858000,1850000,1850000,1958000,1700000,777400,830100,794600,739200,769900
5dFrd9NdNXQt,754200,651300,734000,735300,679900,115900,138100,109400,98980,115000
2LQbSHQUKDuU,6611000,6635000,6969000,6778000,6397000,1703000,1623000,1653000,1710000,1582000
o8lVckwhVFRT,58010,62550,68230,64380,62790,10690,9645,8640,7867,9820
PHmZNHHKnuFe,780600,720800,805400,797200,698900,236500,252300,221900,234500,238500
tSIn1OGOK53Y,405000,384200,406900,396000,363900,246300,233900,241100,257100,239000
tbgCScl6Jqsb,219600,222800,227500,224000,216000,93890,86100,81490,84320,86990
TJrRtplymkkS,43470,43440,46520,48570,48320,19420,20750,18310,18370,20300
VQToOWmZ1Gu2,228500,213000,237100,259800,214000,60870,71510,59260,61090,62240
KDte8TnDvHcw,87030,87570,90340,88790,82420,22750,20860,23500,24990,23870
hJaxxPLUWm99,199300,208000,210400,204400,209100,64840,54800,60280,56460,59020
GTPOdm2C8Nmz,71930,67500,72830,74900,72110,41150,42140,38610,31040,36780
r2y3NEt5dErL,67940,67530,65070,62120,59300,24350,22660,19790,24750,20950
mzaE0K1YETrv,281000,261500,294000,301700,283800,139800,133600,151600,130000,129200
jksoqJgFOyMH,2355000,2331000,2470000,2380000,2166000,831300,804000,792700,716100,717700
pZCvIK446txY,313800,300800,332600,351500,314800,105600,108000,82870,84400,87240
vXHLMU0I5JMY,823800,775300,799400,801400,736800,189700,212800,224100,197100,218900
xt5uHNCbFbBW,84410,81100,92490,89470,91300,36950,42630,39930,40260,39310
xnZW8C0dyDt7,300500,273100,289700,313900,285100,130800,121400,116700,109000,111400
MT7s25FIItyi,307900,313000,333900,320800,293100,91370,84710,91610,92090,87910
Gk7LngYD2t0T,57160,61110,60760,61540,65380,26060,23270,22600,26700,25520
KxgGHqQXcCFx,90630,99610,98110,93400,91210,14300,14050,11330,11890,11600
FhxLlWZCKxfD,233900,235800,256800,246900,250100,54620,47690,50270,42070,42650
DLR4VVIysXXQ,390000,367500,405200,412100,368900,127000,129100,137800,124300,125400
mPhTHfO8IUin,85360,86150,100200,90100,89540,47640,41560,45370,46630,47450
kvBG9RUDi0vY,143600,146100,155100,158400,147400,53470,41380,45310,50420,43830
IAUXokoAcqHC,51390,53940,56490,57090,49750,10280,10170,7572,6917,9074
SztxkQySieTA,180000,190900,188600,194900,190600,57810,46540,50970,51570,50060
BuDPEMwJT3gm,98810,109400,111400,111900,105100,3436,5222,2855,776.3,1411
DuxxVj8astDE,922100,871300,936800,931900,854700,294600,292700,309900,288900,283000
fpzj2j7WabxU,419900,416500,434200,431000,401400,32550,17490,12770,13150,11290
AOOJAR4kP5Fm,202800,204700,209200,206000,188300,23430,15260,19160,18520,16530
FSYfS8ZLOgys,137900,154600,152600,139000,144100,27350,26900,27140,26420,21070
IGhZswdoCpPD,180000,296100,275400,189600,242500,101500,94810,88750,76060,74820
YXhvHTfPRgYf,81890,80030,87180,83480,80510,25610,20260,24310,23140,22050
qL6rpI6qLohB,110600,109100,117200,119000,122200,35580,37070,32730,32020,29330
eXE6oLugLNLV,216000,214700,228600,244200,207300,133700,139400,129500,123100,119500
2G9euTkQMJoi,321700,320300,339200,348600,307700,83190,80520,72460,65700,70400
YYtQigaTXpcI,3357000,3320000,3398000,3373000,3151000,1638000,1623000,1581000,1546000,1695000
h9iPyIIHmWUB,539600,540700,532100,548700,511200,495600,469800,508200,500800,509000
XNVrFD0olvs6,229400,229600,233200,241000,227600,83780,72820,74660,69980,74410
KlWRCCZP5OHy,222800,229500,250400,247900,225000,154500,128300,134600,133600,150600
mdXzyZLlWh8o,473300,455200,460800,472500,443300,74600,90100,82670,66270,77760
vI9tiRTMKxp9,1604000,1464000,1514000,1571000,1383000,351200,345100,311300,284000,336700
Q9aCXfpcRSSU,377300,348400,393500,387900,343300,132100,99690,91630,101100,100300
4m1kg9J3GUIE,32600,32620,29920,32800,36990,5904,4759,5256,5551,5363
bfmBe4b37ZWu,75660,65700,73460,73100,73430,27330,24100,26940,27310,24960
Hu0NwDCTg052,176500,181400,202700,203300,177700,37950,39430,41080,32450,39360
6n4waHGyXvsO,78760,83500,80470,85710,77630,3493,2819,1549,1483,2507
w5DAx90G1eD4,97600,90310,104600,99410,96890,6408,4216,1767,1484,1444
jL2JsFaVyc8g,268800,274400,282300,288700,262900,96520,92350,89580,82860,91450
i7tvYaUGnS1B,14730000,14240000,14540000,14600000,13100000,4754000,4933000,4684000,4634000,4617000
5kuGjPsSi9lI,785400,710800,793600,795800,739900,467100,441200,442800,429800,427700
CVMfUFzPuluo,170800,170200,181300,185900,180700,51650,43960,45200,41520,42950
8mzJT7MMqGTU,107800,105200,120500,114000,112400,22730,23640,18390,16970,15880
DqM6Ptc7nGLY,1784000,1758000,1845000,1939000,1657000,332000,254900,285300,250000,280900
lJxoNzv0vs62,321800,320700,340800,346200,322000,128300,130900,120600,132100,116500
hydEKRpHwKrV,73870,77800,80810,73710,75250,31730,29370,29000,27380,27630
pqc9UeqyH0MD,77560,80760,79680,75900,86470,14700,16950,14000,12120,14710
BnidwgBu5EQj,490900,484300,509700,488600,460500,114400,135900,129800,125900,122200
uiLvxrAhuMyu,197700,181100,193400,182500,185200,59390,50330,50550,50060,48540
cuUcNhlj9ABP,533900,534200,541900,493200,502000,147500,152600,136300,139300,140600
G6GnfPTthVYU,1025000,1011000,1052000,1057000,930700,275300,283000,285700,271300,259200
cdszJfJj1pAG,689600,699700,710600,700900,670100,210500,204800,187800,203400,197600
HbYrCcEDTdfn,217600,219200,223400,216000,233600,76630,77680,73750,67710,71710
CZ6iqyLMstSg,340400,348300,406700,366500,392700,164000,126100,132300,136700,131200
No3DbvhocGEv,250600,257500,257900,256200,249700,74790,72990,71870,67200,62990
acJQUTtuxSrO,122000,115000,115400,140700,142800,34610,37360,30830,31850,31590
vmNERVFgOc6C,229500,236300,239800,229600,221700,18790,18540,14460,13200,15280
60ejD1g3E1Qh,308500,320000,317700,322500,308900,110000,80410,72740,87300,70150
uX2ZHUzf0bgB,181900,182100,184300,189400,179900,17960,20650,17160,11600,12100
UAHPMfTAVLVH,111500,124700,123700,126000,125700,72160,72280,64890,64830,61480
2zTVmwBF6uc7,307500,290500,288700,301900,294800,89910,65250,61550,73460,73570
JCIUbnMaNd76,171900,175000,174300,185200,160800,91900,82530,92030,77380,84850
ykClapvEb6sd,263400,264600,289900,272300,286600,101600,100200,105800,103600,99400
cU08U5t1kyM0,151800,149500,154400,155400,146500,15520,17030,14060,16490,17910
WpgOZkTi0JfM,66630,72340,77890,73120,75860,10600,13310,12370,12670,12380
IAdXiyKKtDTJ,597900,566100,593600,567300,570300,374100,343300,364600,351000,386800
RXMXTSV44I3L,125300,118700,134000,126600,116600,51700,48140,44710,41610,46770
H0C3Wt8HBLAr,69600,72310,67210,80290,73870,31630,26510,28830,27220,28440
j9TTeXy0LtA8,345300,346200,362600,358200,339100,10190,8716,4060,3566,3189
V8nPQV6judUb,662900,666200,707100,689600,653100,207900,174900,187600,192200,167400
gX8VXw9RVKvi,171800,180500,186200,180600,180600,88190,99500,91770,93090,86090
HhDZQr03V6JF,31430,29970,32780,31880,26330,9201,9539,8787,8281,8811
UEGAK3AnCjIg,314700,310400,357900,306700,306300,204500,201500,188000,188800,191800
M9l47jPWmEhm,63780,64780,67650,68310,63200,30630,29930,26810,29910,26430
6qzDRTSh04Y0,14100,14170,15030,16950,15210,8692,7825,7709,8982,8710
IdgyiHu9tXQU,268900,253700,256500,273200,257900,98890,91340,89660,99270,103800
ia80LA8CA6GR,286300,280900,296500,315800,283200,56000,49590,46040,41830,41160
rEVJIlnk7EQ9,2296000,2217000,2334000,2486000,2201000,378700,395800,339000,373700,371400
EtWqE4gTnPxv,251700,243800,273600,266500,259000,26990,32340,21020,25840,23020
FJxDsVIlzufZ,348000,355500,378700,387300,360600,178200,168000,161000,149000,154200
2P27XjXw9pFg,303100,292300,308200,314200,273700,94690,91180,91050,80530,96160
9potktp5VWOO,1703000,1617000,1763000,1740000,1704000,475500,455400,384600,398700,400100
7o6os65SXqcr,34050,35770,33510,35150,36970,18680,18460,20070,17390,18500
13Crq2734vCP,179600,179500,191200,182000,192700,41420,35670,35190,31130,36630
bzHASC7TJPHR,3445000,3462000,3519000,3587000,3280000,796900,760900,753400,753900,766300
PbDoj8Z3MvGa,3243000,3117000,3136000,3191000,3043000,1618000,1588000,1617000,1526000,1537000
VCVT429PvUQ7,201800,196200,205900,199100,208600,43040,41310,38600,43160,39110
yc1UXhZ7ttdX,392700,364200,386300,400100,359200,82210,78300,71410,72630,77830
pz1vsezNdN4p,250000,240800,261700,243100,252600,141800,134100,121500,120900,123500
bGeh1M6jrRWQ,125000,127100,126500,134200,120300,45880,47860,50620,45500,47580
TEVn9CuqFPaL,628400,578300,653100,618500,594500,265200,253000,262300,259400,263600
fpkBUtmZ0fPz,485400,458800,468200,509700,459700,154700,142800,126500,126700,136000
krzNh6ieAPya,225900,218400,226200,242400,220800,69740,74710,62540,70340,61960
ajHRwLmv6GcM,42310,47700,50820,47480,47340,50540,51420,50640,46840,43070
0dI2CaEjVKou,74870,73920,87750,82810,77130,28620,25900,29000,25990,23870
ra1i5Olyw2ZN,497800,508100,512200,521000,491500,142700,153400,137900,121300,145500
9iYAP5nzZhuF,397000,417300,414700,443500,412300,140500,137200,138900,132200,129200
wH2WiOBswAHQ,2003000,1877000,2059000,1947000,1869000,1022000,1023000,1024000,999900,1001000
BqhfztUzZneA,164400,173200,179000,173100,184000,70860,64880,68420,70640,63220
hoOVKnNaXHzq,826100,790000,854100,824600,817300,462300,417200,447700,438800,417300
3gAKsai8ZWx9,35270,31550,33210,30230,32610,9229,6809,7775,6420,7458
VGBCt0ARUJYO,91480,82080,92450,95510,86230,28780,29300,34660,27080,27030
kio2Hx710gOM,5286000,5061000,5089000,5184000,4716000,1334000,1431000,1404000,1292000,1399000
Ihw6Qvkpxjke,92230,86480,88560,91140,87200,29240,27750,25600,29600,25740
q66wqFXzZ9vl,2238000,2079000,2185000,2210000,2096000,944900,956100,919200,877100,902000
QJcNTsLiEPyr,428900,434700,438400,439800,417700,146500,151600,147700,125900,126200
RQxj3N3tDfJQ,427400,434400,444800,458000,410200,179200,165700,165300,159500,168700
z7jx7iBSLrHE,637100,609000,642500,667800,589400,88470,85850,68230,76200,77920
5Mp12BhTixcu,827600,812900,848100,920200,744900,178200,194500,159700,154900,163100
tobXwOGsFHpd,335700,303400,324900,333100,310300,90120,1e+05,87800,87470,89290
RYFpZ9iJY6gQ,1426000,1367000,1470000,1473000,1412000,422800,383100,431400,416100,386000
fvmvQstPKRg1,151700,160500,159700,155500,158200,75710,71080,76820,69410,73660
tQp68n7oyxsi,354600,341200,359000,365400,345900,148500,150800,136600,139800,145400
utqDmpPyWJ4m,64080,60890,71620,64920,65480,38920,35510,34050,37330,40880
44ebAsB8YkjZ,73010,80860,75240,75580,91220,4463,5886,5220,3723,4442
e1FUlW4ATO8M,151200,146000,150100,150100,149200,23920,25670,24520,20950,25140
totDNB5OhOQT,216700,211800,214300,219200,195700,121000,119100,116100,111300,120300
BzRvkoECumPi,2373000,2239000,2411000,2439000,2156000,1105000,1125000,1112000,1055000,1098000
irpwnT5QyMSw,55460,51440,55900,53020,56260,17710,17560,18810,17210,15580
